customer_id,age,gender,region,education_level,employment_type,annual_income,loan_amount,loan_purpose,credit_score,repayment_history,transaction_count,spending_ratio,join_date,default_flag
CUST_1001,58.0,Male,East,Post-Graduate,Salaried,,126423.9865107793,Business,708.39291943063,1,58,67.4593616292889,2022-07-08,0
CUST_1002,48.0,Male,South,Post-Graduate,Salaried,988149.9229619774,50026.94041528054,Business,675.2273487120523,0,73,69.98104337928545,2018-10-19,0
CUST_1003,34.0,Female,West,Secondary,Salaried,390455.7723978552,193131.38256088903,Other,689.4922852244871,1,44,51.5845415173921,2020-08-26,0
CUST_1004,62.0,Male,South,Secondary,Salaried,1173082.490256681,59596.99847225044,Education,502.35362917406707,1,81,42.54967749478745,2022-01-27,0
CUST_1005,27.0,Female,North,Graduate,Self-Employed,1382992.8230155832,114639.62198195595,Home,618.3347503917869,0,111,28.876985997764137,2023-01-17,0
CUST_1006,,Female,North,Graduate,Salaried,2896855.838281858,295500.4851186646,Education,759.3818245025666,0,59,80.0932399880759,2018-04-07,0
CUST_1007,,Female,North,Secondary,Salaried,2252848.5611408693,62948.16093176536,Car,642.3178075744518,4,26,61.70975395519269,2021-01-23,0
CUST_1008,38.0,Male,North,Post-Graduate,Self-Employed,275825.2951902528,415691.11284295726,Education,548.2164212300812,2,50,47.76993666828707,2018-03-15,1
CUST_1009,42.0,Female,South,Secondary,Self-Employed,312833.1581573379,50765.44743927921,Business,641.071813532568,1,51,90.23965207040197,2021-09-21,0
CUST_1010,30.0,Male,West,Secondary,Salaried,301808.2501337859,106691.2346182991,Home,588.31860653078,1,10,14.066299063098299,2020-12-27,0
CUST_1011,30.0,Female,West,Graduate,Salaried,1322109.5570920664,320111.36926222086,Education,,0,72,82.26461534242904,2020-01-28,0
CUST_1012,,Female,East,Graduate,Salaried,731081.1942673516,126038.47902394994,Home,651.6436303110172,0,38,94.79452040040765,2023-04-26,0
CUST_1013,55.0,Male,South,Graduate,Self-Employed,282498.8131251519,71493.0765487587,Home,693.4637331265833,3,82,85.39007942504372,2018-07-27,1
CUST_1014,59.0,Female,North,Primary,Unemployed,490198.097444936,139330.53351296159,Car,552.566109858791,0,19,78.88710977732815,2021-05-29,0
CUST_1015,43.0,Female,South,Post-Graduate,Self-Employed,677643.1677739809,113049.9276977512,Car,614.1026745067921,2,40,41.816009439537595,2021-07-09,0
CUST_1016,22.0,Male,East,Secondary,Salaried,243577.01266682867,419935.2274274058,Business,737.2347473119287,1,20,29.66170549229495,2019-02-14,0
CUST_1017,41.0,Male,East,Secondary,Self-Employed,1270302.7201711365,125185.50905876796,Other,541.6575956451615,2,74,72.4622942424661,2020-02-10,0
CUST_1018,21.0,Male,South,Post-Graduate,Salaried,1013809.942226804,361115.43154627015,Home,569.7510387168018,1,60,35.88890613452831,2023-01-18,0
CUST_1019,43.0,Male,South,Post-Graduate,Salaried,551807.664040918,494888.1815408057,Other,,2,68,24.96337298317251,2018-03-15,0
CUST_1020,63.0,Male,South,Post-Graduate,Salaried,1907545.961525044,163767.73450865928,Business,672.9383871267033,1,56,76.85470040380525,2022-07-19,0
CUST_1021,49.0,Female,West,Post-Graduate,Unemployed,470437.1135146974,531462.8146322393,Home,,3,74,36.56621044012139,2018-09-11,1
CUST_1022,57.0,Male,North,Graduate,Salaried,2271042.688225587,144743.88211190322,Home,627.725369388892,3,40,87.72754700642376,2020-03-30,0
CUST_1023,21.0,Male,South,Graduate,Self-Employed,751189.6858173445,715283.3904337431,Other,692.6580449244514,2,86,81.45377480962564,2020-09-12,0
CUST_1024,40.0,Female,South,Primary,Salaried,703478.8547467605,68706.0483624723,Education,717.9708001407894,0,46,82.04942800828668,2018-11-28,0
CUST_1025,52.0,Male,South,Graduate,Salaried,290733.8978533174,282322.72893199767,Car,564.4622667768192,1,64,75.58342671474523,2021-11-22,0
CUST_1026,31.0,Female,East,Secondary,Salaried,1268229.3120440277,186170.23364623066,Education,679.145561650236,0,39,84.87492102085261,2020-04-15,0
CUST_1027,41.0,Male,East,Secondary,Salaried,,148089.8627525026,Other,770.9612800004578,0,28,78.48848583514021,2022-08-19,0
CUST_1028,63.0,Male,West,Graduate,Self-Employed,288507.8722413422,250321.73348106554,Car,640.7286350911094,0,42,61.21346590385194,2019-03-31,0
CUST_1029,44.0,Female,North,Graduate,Salaried,206343.8345614678,293382.6285270249,Education,563.6128676969184,4,83,35.14493107945837,2023-04-14,1
CUST_1030,46.0,Female,West,Primary,Self-Employed,610212.7208569378,50874.56329834928,Car,559.9126472938227,0,25,85.49778142320267,2021-02-12,0
CUST_1031,61.0,Female,North,Secondary,Self-Employed,574752.5573292515,86533.06447424181,Home,637.1410046950509,0,81,81.45130793572132,2018-11-09,0
CUST_1032,47.0,Female,East,Graduate,Unemployed,835329.922373547,299686.70625373325,Education,732.8677843894095,0,43,50.19474238789633,2020-10-14,0
CUST_1033,,Female,East,Primary,Salaried,1304811.802867714,269553.77703349444,Car,646.7395320122703,2,42,13.321688310166191,2018-08-16,0
CUST_1034,34.0,Male,East,Post-Graduate,Salaried,241368.40009027475,726558.5882081082,Car,665.1385583924742,1,64,64.27621682916265,2020-05-07,1
CUST_1035,66.0,Male,West,Graduate,,857445.6468802963,336289.9715513481,Car,570.2926654260957,1,77,14.300732562509447,2021-06-22,0
CUST_1036,63.0,Female,South,Graduate,Unemployed,303765.49707763456,652261.4176753758,Education,728.6494106381238,2,120,88.73379675711462,2020-10-14,1
CUST_1037,22.0,,South,Graduate,Unemployed,,292495.4405754175,Business,558.3473143067716,1,32,91.7386568131511,2020-08-07,0
CUST_1038,56.0,Other,East,Post-Graduate,Salaried,1054804.6073055023,120779.24980065296,Education,609.6402812582694,4,27,26.10666240146636,2019-03-03,0
CUST_1039,26.0,Male,South,Secondary,,589127.9171495503,72267.87564240718,Other,700.3931889637036,5,49,67.49309713466735,2023-09-21,0
CUST_1040,,Male,South,Graduate,Salaried,819355.9716560313,354490.5152228961,Education,486.8454801344054,1,84,17.842865387834834,2019-04-10,0
CUST_1041,28.0,Female,West,Graduate,Self-Employed,388694.0753056982,256648.759490405,Car,663.9168919748566,3,39,72.00893892871538,2022-07-04,1
CUST_1042,58.0,Male,North,Secondary,Salaried,518542.1433947308,59877.1308903084,Home,566.8741146886575,1,69,39.51945162297734,2018-10-05,0
CUST_1043,37.0,Female,East,Post-Graduate,Self-Employed,,139273.19174155142,Education,651.3239519127291,1,38,67.88925949708785,2018-01-19,0
CUST_1044,23.0,Female,East,Graduate,Salaried,507413.15921204124,678382.1025088229,Education,621.8355513830451,1,51,41.69450328218512,2018-03-07,0
CUST_1045,44.0,Male,West,Graduate,Self-Employed,421426.39809327817,188789.9587976701,Car,818.466786027879,2,58,22.373238335825036,2018-06-16,0
CUST_1046,33.0,Female,West,Post-Graduate,Self-Employed,540819.2770424322,163383.67501450982,Home,618.5503048640074,0,38,44.51934834271742,2022-05-28,0
CUST_1047,28.0,Female,South,Post-Graduate,Self-Employed,1080855.497633712,172387.0394099998,Home,797.4121098306674,0,28,19.577249763957152,2019-02-07,0
CUST_1048,45.0,Male,East,Graduate,Salaried,,96861.81185051915,Other,696.9561832946699,1,17,59.03507837304039,2019-02-13,1
CUST_1049,21.0,Female,North,Post-Graduate,Salaried,295435.9594706478,141997.09051183402,Education,585.8832823416217,0,33,13.48088023270578,2023-11-30,0
CUST_1050,39.0,Male,West,Graduate,Salaried,822421.7408676418,142347.81689040747,Home,676.4648740207806,4,67,54.82217276598807,2019-08-20,0
CUST_1051,47.0,Female,North,Graduate,Salaried,1074287.386642449,60755.068147219565,Home,625.647220292975,2,71,85.34133500312097,2020-11-28,0
CUST_1052,66.0,Male,North,Graduate,Salaried,253034.5380490442,341831.19432261,Business,669.3725992592987,1,117,81.21922796014583,2023-11-23,0
CUST_1053,26.0,Female,East,Graduate,Unemployed,337135.60915406764,157743.68453275395,Business,592.8887210053387,2,50,85.03644446825223,2018-11-20,0
CUST_1054,63.0,Male,East,Secondary,Salaried,,395396.56795657956,Home,785.2142106676766,0,24,88.37414818080411,2023-06-06,0
CUST_1055,27.0,Male,West,Post-Graduate,Salaried,413810.4307780281,429888.53754777147,Other,724.031847263738,0,53,18.88487046943401,2021-12-08,0
CUST_1056,66.0,Female,East,Post-Graduate,Salaried,499237.6739601061,585899.5732248749,Home,652.5425254529273,0,32,20.94351224443561,2019-03-05,0
CUST_1057,54.0,Male,East,Primary,Salaried,890805.3472419113,264211.1846942619,Car,788.3291814455627,1,80,57.34557853661593,2020-12-20,0
CUST_1058,,Male,East,Post-Graduate,Self-Employed,726553.1627677508,177838.57155214864,Education,655.9423395266278,1,28,85.98767681607649,2022-06-24,0
CUST_1059,36.0,,North,Secondary,Salaried,685015.3076744655,474314.107860472,Other,737.8099971888931,0,27,92.81970380454261,2021-10-09,0
CUST_1060,55.0,Female,West,Secondary,Unemployed,,98603.10939325945,Car,653.0640470017939,1,59,13.932262973899997,2019-01-28,1
CUST_1061,59.0,Female,South,Graduate,Salaried,1120834.9225171541,276524.755676689,Other,681.5110075848463,2,41,40.24079715705611,2022-03-21,0
CUST_1062,23.0,Female,North,Secondary,Unemployed,518654.92202196305,237172.25956861803,Car,643.4848975245776,0,39,28.096011646099445,2019-03-22,0
CUST_1063,21.0,Male,East,Post-Graduate,Self-Employed,2134121.2082974454,119997.0390780318,Education,657.624108309915,1,32,74.25709715915609,2021-04-18,0
CUST_1064,25.0,Male,North,Post-Graduate,Salaried,702755.1885048863,79375.64849613751,Education,663.6425488310399,0,38,64.41647882564772,2020-10-20,0
CUST_1065,61.0,Male,East,Graduate,Unemployed,267488.9285905126,260903.63271708568,Business,596.4214534009285,0,73,20.190482676126862,2018-12-08,0
CUST_1066,23.0,Female,East,Primary,Salaried,763779.9722553777,318338.7507570942,Car,617.914506646153,0,50,51.09937572602258,2018-05-13,0
CUST_1067,48.0,Female,North,Secondary,Self-Employed,396598.3484598051,125850.53813203535,Business,632.6595986811062,2,48,68.26244440155978,2023-02-03,0
CUST_1068,37.0,Female,West,Graduate,Salaried,779702.4320124432,257033.21253609963,Car,668.3768813441837,0,23,76.2154584835432,2018-09-22,0
CUST_1069,45.0,Female,East,Post-Graduate,Self-Employed,236092.45253477216,150548.6441162735,Business,647.5536784397226,0,53,11.704480331640724,2018-04-03,0
CUST_1070,,Male,West,Graduate,Self-Employed,296114.09522956074,299798.8341665501,Education,743.8426027060566,3,41,85.68991378863063,2022-08-13,1
CUST_1071,53.0,Male,South,Secondary,Self-Employed,1168059.525509065,94432.6251412142,Other,,2,17,58.38891755079458,2021-12-05,0
CUST_1072,29.0,Male,East,Graduate,,328854.27165339247,491846.2790545983,Business,634.2937955179702,1,64,79.0122747715919,2023-12-26,0
CUST_1073,55.0,,West,Graduate,Salaried,,117769.69854692376,Car,760.5427117961551,0,32,78.67473255121409,2021-05-16,0
CUST_1074,33.0,Male,West,Graduate,Salaried,363749.56968937366,141705.4630376678,Car,799.8416498860365,1,26,26.13747612303238,2020-09-28,1
CUST_1075,50.0,Female,South,Secondary,Salaried,714844.3838751174,61969.52456874122,Education,486.49389640623065,2,49,19.364630221558812,2022-07-19,1
CUST_1076,67.0,Male,West,Graduate,Salaried,792331.1842148193,73646.87527134227,Car,724.5832068053023,0,59,71.30941786277526,2022-05-16,0
CUST_1077,34.0,Male,West,Graduate,,559391.2406442747,195077.0175976812,Home,594.5612642134801,1,65,23.29628809983762,2018-09-23,0
CUST_1078,27.0,Male,South,Post-Graduate,Salaried,382145.2750944911,112283.69344514492,Other,714.059841705864,2,36,82.24468676940151,2019-10-08,1
CUST_1079,33.0,Female,East,Secondary,Unemployed,319537.6300823429,410944.9015494012,Business,749.0590352517146,2,47,71.72610612827893,2021-02-10,0
CUST_1080,42.0,Female,West,Graduate,Self-Employed,216876.30960528034,52960.48113888834,Other,,2,61,81.55515597104731,2021-11-02,0
CUST_1081,59.0,Male,West,Post-Graduate,Self-Employed,381164.3059506046,145315.13113094145,Education,501.81383207873915,1,52,35.416077766794416,2019-03-30,1
CUST_1082,40.0,Male,West,Secondary,Salaried,729449.87304611,132300.3222683286,Business,716.8347270572692,2,98,36.91083513489836,2023-03-30,0
CUST_1083,35.0,Female,North,Post-Graduate,Self-Employed,1592774.722954687,53903.37033397542,Business,660.8321985986889,1,58,67.053832289437,2022-01-03,0
CUST_1084,64.0,Male,South,Graduate,Unemployed,,76561.96466091774,Home,516.5248996877897,0,46,12.672906180010541,2021-04-25,0
CUST_1085,,Female,North,Primary,Salaried,926355.512373689,156765.18109514908,Education,850.0,1,45,71.75222343868093,2020-04-10,0
CUST_1086,66.0,Female,South,Secondary,Self-Employed,976640.6717068506,185795.44384679841,Car,699.9535529805241,1,60,81.0415610226411,2021-10-22,0
CUST_1087,43.0,Male,East,Graduate,Self-Employed,746789.8419608366,153600.17664794438,Home,703.6080032100122,0,66,45.28890486134884,2021-01-17,0
CUST_1088,,Male,East,Primary,Salaried,350746.40664863505,201403.9275026645,Home,759.2654202049639,0,34,75.01470055751984,2023-05-24,0
CUST_1089,,Other,West,Graduate,Salaried,1388627.5460975452,230838.67759270334,Other,603.5340837722798,0,57,24.841927943492266,2023-12-20,0
CUST_1090,64.0,Male,South,Secondary,Salaried,755442.1087100344,51994.67809163054,Other,660.4363289670941,3,31,37.3921334746562,2020-05-21,0
CUST_1091,60.0,,East,Graduate,Salaried,610991.2439431902,174759.73399332378,Other,544.454246897619,0,76,92.81592186439057,2019-09-27,0
CUST_1092,48.0,Female,South,Primary,Salaried,2070584.7915370585,712084.4442019276,Home,601.3641242171852,1,31,93.83789475261074,2021-10-31,0
CUST_1093,34.0,,East,Post-Graduate,Salaried,496248.8616919686,196391.0243169651,Car,680.852800037539,0,33,53.57142950683498,2019-11-22,0
CUST_1094,64.0,Other,North,Post-Graduate,Salaried,508424.9124014978,276356.6426447793,Business,516.7772266294038,1,40,89.41293227442954,2023-02-09,0
CUST_1095,20.0,Female,East,Post-Graduate,,1199626.5959284822,124753.71593797607,Other,599.0968363457536,0,41,54.43210763483264,2020-11-23,0
CUST_1096,44.0,Male,North,Graduate,Unemployed,595543.4494928822,347436.42613419954,Car,575.7652832049823,2,37,34.78499089369837,2023-05-10,0
CUST_1097,26.0,Male,East,Secondary,Salaried,439341.02822378924,346491.885297936,Education,661.3673796496277,0,58,32.68643948839561,2019-08-05,0
CUST_1098,28.0,Female,West,Graduate,Unemployed,2081808.5801761695,197334.58524055133,Other,695.9761009332279,0,76,89.00798495629265,2021-10-21,0
CUST_1099,,Female,North,Primary,Salaried,258671.89981337925,796055.5169071689,Business,709.3722243501165,1,37,24.657943062778024,2020-02-23,0
CUST_1100,20.0,Male,East,Primary,Salaried,474565.3493256675,76832.08145687498,Education,729.9053315822521,1,53,59.268758947154545,2018-06-30,0
CUST_1101,63.0,Female,West,Secondary,Salaried,221466.6291534407,53418.58401169344,Education,759.7693477257897,1,37,57.21963078533117,2018-01-19,0
CUST_1102,27.0,Male,North,Graduate,Salaried,873352.4748315729,344072.81679195655,Business,698.5796362946725,3,26,72.86784319550458,2021-06-03,0
CUST_1103,43.0,Male,West,Graduate,Salaried,1450985.015581939,379174.26161318924,Other,800.9868719115532,2,30,52.435647139605855,2022-06-05,0
CUST_1104,30.0,Male,South,Graduate,Self-Employed,,75613.77737569413,Home,659.5602017011746,1,48,33.14428116019141,2021-05-30,1
CUST_1105,36.0,Male,South,Graduate,Salaried,1177168.6477564147,111735.61286960696,Business,636.1343076599562,0,34,24.398702468684178,2022-06-27,0
CUST_1106,27.0,Male,North,Secondary,Self-Employed,372809.7339591497,53541.646541293,Business,698.5845890688032,1,26,62.7695982980008,2018-02-23,0
CUST_1107,54.0,Male,East,Post-Graduate,Self-Employed,1408269.8923069853,119432.24317033132,Business,632.6871060005928,1,54,71.11421433252482,2021-11-27,0
CUST_1108,54.0,Male,North,Graduate,,901134.4458060848,346686.0904256224,Education,798.205178302004,3,9,58.409308687972775,2019-03-19,0
CUST_1109,52.0,Female,West,Graduate,Salaried,1017138.8835882193,195945.855114414,Car,740.4786778508169,0,48,72.75985855530155,2019-08-03,0
CUST_1110,24.0,Female,East,Secondary,Self-Employed,209085.32320708223,135571.46861866832,Home,710.0222515359611,1,59,22.029302208246612,2018-10-09,0
CUST_1111,61.0,Female,South,Graduate,Salaried,,142960.01263187308,Other,660.513547523308,0,49,85.00996657016651,2020-04-02,0
CUST_1112,58.0,Female,East,Graduate,Salaried,848539.5260823416,50270.90853886956,Other,617.401826286811,1,29,59.50361821472276,2022-07-28,0
CUST_1113,60.0,Male,South,Secondary,Unemployed,381742.6806988615,121278.0047822414,Car,706.1060003654208,1,68,20.781733785870756,2019-10-03,0
CUST_1114,47.0,Male,East,Primary,Salaried,1084201.185802454,257951.01731210347,Business,559.8322038522433,0,49,49.26364235748748,2020-10-28,0
CUST_1115,26.0,Female,East,Graduate,Self-Employed,365309.53880365955,781433.090857036,Home,772.7490826752817,0,38,81.80729771860247,2023-07-10,0
CUST_1116,28.0,Male,East,Graduate,,1230815.8987072082,425542.99972493824,Other,635.7890635691701,4,47,86.29278644351861,2019-07-17,0
CUST_1117,27.0,Female,West,Secondary,,259718.67124054712,54775.5566831033,Other,674.4085386592583,1,75,32.49520792489473,2018-12-07,0
CUST_1118,31.0,,West,Post-Graduate,Salaried,808167.7500220933,507658.7498444518,Business,577.2319139045369,1,33,70.45759510038852,2019-04-17,0
CUST_1119,53.0,Female,North,Secondary,Salaried,589024.1854836277,355754.5381420305,Car,707.8389010495378,4,27,18.49874603612102,2022-09-07,1
CUST_1120,52.0,Male,North,Graduate,Salaried,250758.66076325477,353167.7696697999,Home,613.7006709729337,1,60,12.851399070033414,2018-08-23,0
CUST_1121,67.0,Female,South,Post-Graduate,,338465.91744415066,172496.2905712892,Car,701.9383032244078,0,62,57.633911074695135,2021-01-11,0
CUST_1122,42.0,Female,West,Graduate,Self-Employed,206240.804237514,151501.32519903913,Car,710.5914775181911,2,31,69.0603442428907,2021-01-21,0
CUST_1123,,Other,South,Graduate,Salaried,516278.188330141,122169.7939964626,Home,,1,56,77.64187215000267,2023-03-24,0
CUST_1124,56.0,Male,North,Secondary,Salaried,379242.04741859727,63590.43812685418,Home,560.1176703268804,0,49,38.918380268703444,2021-11-18,0
CUST_1125,54.0,Female,South,Secondary,Unemployed,656096.425207786,101815.1300866055,Other,772.5519933235636,1,46,10.554659886455394,2020-04-03,0
CUST_1126,63.0,Female,North,Post-Graduate,,376368.35997261835,106632.76170018666,Other,634.6160772776734,0,47,50.75913515446507,2021-07-15,0
CUST_1127,59.0,Female,West,Graduate,Self-Employed,378279.6978123371,182359.5769118734,Home,667.9879052836511,1,56,11.347551356753193,2019-09-24,0
CUST_1128,41.0,Female,East,Post-Graduate,Salaried,879715.6114135131,325224.77652134316,Education,688.8371619717393,1,39,17.818683407017993,2019-06-13,0
CUST_1129,46.0,Female,West,Secondary,Self-Employed,224670.1466199777,178418.517723131,Other,549.7039896081424,1,25,37.76856691519861,2023-06-04,0
CUST_1130,54.0,Male,South,Secondary,,1365981.1810955894,61916.97801249682,Education,687.013290945591,1,35,47.159624212615064,2023-12-10,0
CUST_1131,,Female,South,Primary,Salaried,1156163.7658070382,683018.6808793513,Home,657.930122892371,3,52,33.75490250452013,2023-08-20,1
CUST_1132,54.0,,West,Graduate,Salaried,751016.089756706,621975.8324704088,Other,598.5175441836487,1,55,59.458547652900165,2021-09-01,0
CUST_1133,56.0,Female,West,Secondary,Self-Employed,649743.3200381701,357599.84714558354,Car,557.4771212129816,0,27,14.70473208353809,2021-07-20,0
CUST_1134,66.0,Male,North,Post-Graduate,Salaried,1314214.445221528,999528.8966719887,Home,698.4708438365816,1,41,22.2892753703647,2021-08-22,0
CUST_1135,33.0,Male,South,Graduate,Salaried,302486.1880419944,207264.15532925795,Business,740.2169606555904,1,52,69.09696406421185,2021-05-18,0
CUST_1136,,Female,South,Post-Graduate,Salaried,241130.8801620512,708119.21595658,Education,664.2872413914242,1,42,22.081972555823008,2023-06-05,1
CUST_1137,20.0,,West,Secondary,Salaried,336896.27001715946,65723.17068983396,Home,535.242772652025,1,33,64.3808921334859,2022-10-20,1
CUST_1138,24.0,Male,East,Post-Graduate,Self-Employed,991345.117931367,141040.57992925536,Home,565.4133746260216,2,38,14.648192764036072,2023-05-03,0
CUST_1139,45.0,Female,South,Graduate,Self-Employed,,101076.86587971821,Other,615.4301032540757,3,56,44.62749372512693,2023-10-29,1
CUST_1140,33.0,Male,East,Graduate,Self-Employed,,93589.68491046164,Other,775.16957929286,2,76,25.0798049603005,2020-06-20,0
CUST_1141,58.0,Male,West,Post-Graduate,Salaried,2894944.054430042,80351.397474217,Other,630.2599470320899,0,42,19.319084015490844,2020-06-09,0
CUST_1142,46.0,Male,West,Graduate,Salaried,1167916.8719178843,244791.1944783962,Business,612.514486176144,0,78,58.19778659760434,2022-04-20,0
CUST_1143,28.0,Male,North,Graduate,Salaried,568492.786004409,354030.858224632,Other,516.1212160259108,1,38,88.90854062047785,2022-12-30,0
CUST_1144,34.0,Female,South,Secondary,Salaried,232878.11607626575,222691.46453916535,Home,597.4652167911911,1,44,14.65689907350165,2023-08-28,1
CUST_1145,34.0,Male,East,Primary,Salaried,,81790.40313356504,Other,551.3650916807336,1,34,45.832111098532906,2021-04-03,0
CUST_1146,45.0,Other,North,Post-Graduate,Self-Employed,656870.1287718527,383332.66916293086,Car,569.745613526176,0,19,70.14051220836271,2022-03-29,0
CUST_1147,61.0,Other,South,Graduate,Salaried,261045.96365140865,252095.3976434794,Other,659.5960544126993,3,58,49.3284656934653,2018-07-21,1
CUST_1148,32.0,Female,North,Graduate,Salaried,249279.23153723075,889552.553733337,Business,617.9068635511059,2,45,78.55215541894584,2020-01-11,0
CUST_1149,51.0,Female,West,Graduate,Salaried,1401903.8653921694,274251.5314134136,Car,785.9595562137076,0,32,25.269851848451193,2021-10-01,0
CUST_1150,58.0,Male,South,Secondary,Salaried,,110195.33891974343,Home,736.2402698165981,3,60,91.56550742735794,2021-10-21,1
CUST_1151,51.0,Female,North,Secondary,Salaried,1083885.1597612025,134682.7068987926,Home,601.2892849751729,2,43,42.73882336066595,2023-06-24,0
CUST_1152,23.0,Female,North,Graduate,Unemployed,,548957.0803925409,Education,576.6545726607588,0,51,39.033418800263384,2022-01-11,0
CUST_1153,49.0,Male,East,Graduate,Self-Employed,624050.16853246,118640.2265780928,Car,760.6113548531355,1,34,84.3414925327691,2022-03-17,0
CUST_1154,56.0,,North,Secondary,Unemployed,564331.5881557893,176971.22742597884,Education,782.8033991586786,1,102,57.92869771080016,2018-11-15,0
CUST_1155,42.0,Female,South,Graduate,Salaried,481434.52104728715,491711.7608523501,Car,474.46014051635746,3,73,53.89776906173983,2020-11-23,1
CUST_1156,58.0,,South,Primary,Salaried,390591.11005669157,296009.53036874643,Car,657.4286099177361,0,49,71.79312315991663,2023-03-10,0
CUST_1157,64.0,Female,East,Graduate,Salaried,485107.34494156693,62844.40249481455,Business,629.8497353682618,1,33,59.28591025389268,2019-12-25,0
CUST_1158,34.0,Female,South,Secondary,Salaried,943343.962333363,81870.21268093114,Education,701.9296112047949,1,28,23.813829804354803,2022-08-28,0
CUST_1159,62.0,Male,West,Graduate,Self-Employed,660555.4539085552,51574.49954479472,Business,805.4134499329203,0,55,67.30679794351903,2019-02-17,0
CUST_1160,48.0,Female,South,Secondary,Salaried,1315240.552814668,249349.3413602983,Car,611.2754384537761,1,60,21.34485473898092,2021-06-29,0
CUST_1161,55.0,Female,South,Graduate,Salaried,492936.261960972,168723.15740204675,Home,485.1441188268869,1,23,78.49790495339526,2019-02-05,1
CUST_1162,32.0,Male,North,Primary,Salaried,667086.8143826444,78837.5601180207,Car,696.3206160119411,1,46,94.12761080554303,2023-01-14,0
CUST_1163,,Male,North,Primary,Salaried,698896.2298454633,683703.6686630445,Business,761.1971254883362,2,32,42.077948122855986,2019-12-25,0
CUST_1164,26.0,Male,South,Secondary,Self-Employed,647873.0653297565,200859.77092569254,Education,625.6992174784181,1,46,47.80425134717107,2021-02-09,0
CUST_1165,41.0,Female,East,Graduate,Salaried,806395.4062764889,105386.22606184095,Education,593.5970015888271,1,63,13.946860716039046,2020-01-21,1
CUST_1166,47.0,Other,North,Graduate,Salaried,335532.7598583064,188871.0104105031,Business,615.019247569784,1,58,11.167320987019155,2018-09-25,0
CUST_1167,21.0,,East,Secondary,Salaried,559092.7984512069,277649.70525465126,Education,,1,40,88.32064346448784,2021-09-02,0
CUST_1168,61.0,Female,South,Graduate,Salaried,,65860.42695401017,Other,613.6431246972015,1,60,20.933045137331327,2019-07-24,1
CUST_1169,64.0,Male,South,Post-Graduate,Self-Employed,442669.3687495298,114235.03531701857,Home,676.3008240274277,1,59,47.89119354255498,2023-05-28,0
CUST_1170,25.0,Female,West,Graduate,Self-Employed,,378977.2604701704,Home,652.2242332591952,0,59,79.30514302772272,2019-06-30,0
CUST_1171,47.0,Female,North,Primary,Unemployed,728098.7154596441,173113.14431146946,Home,643.9696310061787,1,41,85.59209459390716,2018-12-31,0
CUST_1172,47.0,Female,South,Graduate,Self-Employed,1703205.0656159713,208186.02552116071,Education,706.1033861401786,0,111,54.14880324909475,2019-07-01,0
CUST_1173,63.0,Male,West,Secondary,Salaried,658959.8621665501,163414.30336046225,Education,611.7136080108644,1,49,58.027764622955736,2018-09-28,0
CUST_1174,63.0,Male,North,Secondary,Self-Employed,880496.4131782961,58978.5417800314,Car,615.5530751854177,0,74,66.92313765937817,2020-01-09,0
CUST_1175,39.0,Male,South,Post-Graduate,Salaried,552879.2444278386,86244.37948503872,Car,713.8082279999803,1,50,91.7175099622158,2021-06-11,0
CUST_1176,49.0,Male,South,Secondary,Salaried,702703.1123587007,167952.71348445522,Home,571.0459740665078,0,50,61.226946680282936,2018-02-28,0
CUST_1177,30.0,Female,North,Graduate,Self-Employed,236786.78924806503,96938.3616498048,Other,579.5823847342139,0,49,57.55539705378943,2021-06-28,0
CUST_1178,47.0,Female,North,Graduate,Salaried,346777.36194256955,60254.24390722537,Car,549.1748566925125,1,39,11.235401497609207,2023-02-14,0
CUST_1179,44.0,,North,Graduate,Unemployed,424593.38035474526,421131.20927748614,Car,717.9208730621242,1,38,16.880724671900268,2018-03-27,0
CUST_1180,58.0,Other,South,Graduate,Salaried,519796.90828360437,844700.2206390479,Education,641.5810425534986,1,36,59.05958826303968,2020-02-02,0
CUST_1181,52.0,Female,South,Primary,Self-Employed,223361.7420011706,365145.3873135485,Other,544.9107883136746,3,62,89.58043296361227,2019-01-25,0
CUST_1182,20.0,Female,West,Secondary,Self-Employed,275425.45526899863,434535.3204538956,Home,718.3046849847254,0,69,83.66876461394857,2021-04-18,0
CUST_1183,46.0,Female,East,Graduate,Self-Employed,362044.62705167057,105408.34454184226,Car,605.5566270739652,1,38,93.51920845433739,2019-12-20,0
CUST_1184,32.0,Female,North,Primary,Self-Employed,1979499.4496157954,696934.8709717577,Other,580.2657536930492,0,41,54.86589319270829,2018-05-29,0
CUST_1185,60.0,Male,South,Secondary,Self-Employed,401245.024322056,93861.60936827565,Other,634.3457152898438,2,24,76.97412976721019,2019-08-06,1
CUST_1186,22.0,Male,South,Primary,Salaried,528929.6513143755,654949.0636404103,Home,768.2978887574313,2,47,81.43402817659394,2018-05-01,0
CUST_1187,58.0,Male,North,Primary,Salaried,309138.7752228215,1102562.786397859,Other,618.4030242802744,1,63,65.08269087312325,2020-02-05,1
CUST_1188,25.0,Female,East,Secondary,Salaried,671805.362569958,298766.5563369364,Other,696.0271091292468,3,43,38.79374185823312,2020-03-10,0
CUST_1189,27.0,Female,North,Secondary,,364726.71395570604,844181.9778852892,Other,708.1664016360763,0,62,49.948166945912526,2023-10-08,0
CUST_1190,46.0,Male,East,Graduate,Salaried,315961.34927462507,218580.07251188124,Car,685.4618638405125,1,39,82.92295114070326,2020-10-18,0
CUST_1191,28.0,Female,South,Graduate,Self-Employed,563427.0946622102,110097.2144984639,Home,751.685731973941,2,37,35.37657370848393,2022-01-09,0
CUST_1192,56.0,Female,East,Post-Graduate,Salaried,202760.50596865488,164893.6685985619,Other,593.4307196294177,0,45,88.51816615766512,2021-01-14,0
CUST_1193,52.0,Male,West,Secondary,Salaried,,230064.25275232355,Other,,0,50,29.533539020926533,2021-06-04,0
CUST_1194,61.0,Male,South,Secondary,Self-Employed,323634.1184337153,65177.94044276878,Car,564.9626675180004,1,41,73.70889528832636,2022-07-08,1
CUST_1195,63.0,Female,West,Secondary,Salaried,218706.28291909792,244753.9206789902,Home,638.4425267760165,4,54,63.59753491938776,2022-12-21,1
CUST_1196,43.0,Female,North,Graduate,Salaried,257159.0095813831,844544.0415750777,Education,574.2362673727577,0,93,73.71595249526479,2021-09-07,0
CUST_1197,34.0,Female,North,Graduate,Salaried,406895.3217025154,92170.78822306675,Car,,1,23,47.17454365677056,2021-09-03,0
CUST_1198,,Female,North,Primary,Unemployed,1011225.304712823,2187698.923387494,Home,656.1590735779914,0,81,89.27449031708869,2022-09-29,0
CUST_1199,51.0,Female,East,Post-Graduate,Self-Employed,4994982.9703652505,526973.4477902515,Other,731.4858642548833,1,55,63.76013720497558,2020-06-17,0
CUST_1200,43.0,Female,South,Primary,Salaried,559404.5504940313,625417.8071784992,Home,673.2915446588833,0,58,34.50514338711179,2019-04-30,1
CUST_1201,60.0,Female,North,Graduate,Salaried,373708.1285183237,694454.3388896397,Home,616.7078515310841,0,26,64.26868100543221,2020-03-13,0
CUST_1202,31.0,Female,North,Graduate,Salaried,1542316.171793108,197402.94441139087,Home,682.8679363546146,0,45,34.37933851259765,2022-09-12,0
CUST_1203,58.0,Male,South,Post-Graduate,Self-Employed,452931.5132873341,807147.7569718712,Education,567.5844784081647,1,59,34.958753299589304,2023-03-31,1
CUST_1204,21.0,Male,North,Graduate,Self-Employed,245560.5050582878,333194.2447448347,Home,646.9487449580546,0,57,43.96587348777377,2022-10-24,1
CUST_1205,22.0,Male,West,Post-Graduate,Salaried,679946.988104977,85269.03489617124,Education,675.5520986876464,1,65,82.45658549337512,2022-12-15,1
CUST_1206,56.0,Female,South,Secondary,Salaried,260427.97243533144,179596.56642766407,Other,660.3454078520101,1,59,52.52531932348932,2021-12-14,1
CUST_1207,36.0,Female,South,Post-Graduate,Salaried,,303404.65578425035,Education,683.2052075948787,3,134,67.70657158956763,2023-05-07,0
CUST_1208,21.0,Female,South,Primary,Self-Employed,554041.0148598731,106828.41999595918,Other,598.4763187429767,1,73,43.31725792332936,2022-07-29,1
CUST_1209,21.0,Male,West,Post-Graduate,,1236620.5011494583,254672.31049227057,Other,742.1625122247613,1,46,32.40646238358492,2023-01-23,0
CUST_1210,47.0,Male,South,Graduate,Salaried,540161.4623279765,269682.7491037926,Education,,1,15,91.14441366087966,2019-06-04,0
CUST_1211,42.0,Male,West,Post-Graduate,Salaried,805765.2560462551,85514.50875970192,Car,521.7859084113124,0,79,61.30440600546032,2021-02-25,0
CUST_1212,,Male,South,Graduate,Salaried,2668007.8709890554,216521.0775417316,Business,552.7521603236602,1,28,89.38586377953105,2021-10-28,0
CUST_1213,51.0,Female,East,Graduate,Unemployed,270487.58295799076,345354.92640827916,Home,653.4466406419508,0,45,27.290105186856778,2019-10-14,0
CUST_1214,52.0,Male,North,Graduate,Salaried,2884853.5321876067,188188.1890319872,Business,629.4759215557701,2,30,22.48600393259928,2023-05-05,1
CUST_1215,20.0,Male,East,Graduate,Self-Employed,450913.18241823744,52435.39117754006,Home,801.7129924618225,1,61,82.7449471055318,2018-07-30,0
CUST_1216,38.0,Female,North,Primary,Self-Employed,473942.092760732,51815.912770180854,Home,,0,52,67.87796307246637,2019-08-09,0
CUST_1217,21.0,Male,West,Primary,Salaried,464682.4387031414,138331.23836402135,Other,761.4036202980766,0,52,25.85917243655951,2018-06-16,1
CUST_1218,,Male,East,Secondary,Salaried,1390873.6913559572,571263.2354104803,Home,486.070089083712,1,65,32.89557455640071,2021-06-10,0
CUST_1219,45.0,Female,South,Secondary,Salaried,825938.8080847127,101929.5541927834,Home,715.1335586665882,1,81,78.05643502965145,2021-04-20,0
CUST_1220,51.0,Male,North,Post-Graduate,Self-Employed,668125.8338158763,251223.225011044,Education,592.7586544593344,4,68,48.57883269965457,2022-10-05,0
CUST_1221,25.0,Female,North,Secondary,Self-Employed,385077.49491469946,100225.25594610194,Business,,1,29,66.99594305301773,2020-11-18,1
CUST_1222,51.0,Female,East,Post-Graduate,Self-Employed,1068040.4969388556,765745.6422558668,Education,630.13135788703,0,47,37.059921881560925,2019-12-15,0
CUST_1223,23.0,Female,West,Secondary,Salaried,1751219.196899078,426830.34035082505,Home,536.0333088215126,2,66,42.40454598586452,2019-11-19,0
CUST_1224,30.0,Male,East,Secondary,Salaried,1060738.905432533,311025.0611252794,Other,685.4228420257482,2,73,94.21056748296392,2018-11-26,0
CUST_1225,36.0,,West,Graduate,Unemployed,200783.16562402088,70052.3246073338,Education,,1,43,31.047452409851076,2022-10-13,0
CUST_1226,57.0,Male,West,Graduate,Self-Employed,705852.3425335606,161968.8701560357,Education,,1,71,53.04879204810369,2021-04-22,0
CUST_1227,43.0,Male,North,Graduate,Salaried,226244.57374752228,55920.73196045043,Car,720.9624817706325,4,49,81.77419917119524,2023-11-13,1
CUST_1228,24.0,Male,East,Graduate,Unemployed,348938.4116112378,181127.95092716115,Home,771.1825636955323,1,36,30.33397316159793,2020-02-24,0
CUST_1229,53.0,Other,East,Graduate,,,1603193.1202746546,Other,620.9031160729962,1,70,45.29316931816811,2020-07-29,0
CUST_1230,25.0,Male,West,Secondary,Salaried,662912.3340643961,75226.65068739168,Education,688.1880511789179,0,21,62.282759426449005,2021-07-12,0
CUST_1231,41.0,Male,East,Post-Graduate,Self-Employed,,118184.2064654069,Education,673.4390566667984,1,87,50.900992875383714,2022-08-07,0
CUST_1232,30.0,Female,South,Post-Graduate,Self-Employed,260794.4307284065,151445.29685657006,Other,680.2091605063151,0,41,49.05769265847698,2019-09-18,1
CUST_1233,67.0,Male,South,Graduate,Self-Employed,,553976.713659422,Home,681.4078131572787,1,55,40.8133271623805,2018-05-19,0
CUST_1234,35.0,Male,East,Secondary,Salaried,504620.4428853946,1049791.2151804701,Car,777.2402675651871,0,43,59.864937860868636,2020-02-01,0
CUST_1235,,Male,East,Graduate,,430266.72405936965,59190.212436336544,Education,613.2258505208565,0,54,63.07167932350687,2023-01-08,0
CUST_1236,28.0,Male,West,Primary,Unemployed,264499.4118320586,336264.9760601149,Car,527.9411277437055,1,34,65.52961097661583,2022-04-05,1
CUST_1237,25.0,Male,South,Primary,Salaried,471457.3320919404,142955.16486109782,Business,594.1700985107291,1,115,15.981289172012492,2019-11-07,1
CUST_1238,35.0,Male,South,Secondary,Salaried,7164070.758912296,149666.85537683463,Home,710.5813546828324,2,65,63.637904935524155,2018-04-02,0
CUST_1239,,Female,North,Graduate,Salaried,236827.39525361807,330700.2901990684,Business,651.8663606917742,4,93,91.02516019640478,2020-12-28,1
CUST_1240,22.0,Male,West,Post-Graduate,Salaried,241788.64778237988,551249.9985674345,Business,612.5920527604003,2,51,55.983830019887115,2018-02-06,0
CUST_1241,,Male,North,Graduate,Self-Employed,419075.2193682152,3917374.543904647,Business,563.8802185272286,1,69,70.79770201328577,2022-11-23,0
CUST_1242,55.0,Female,South,Graduate,Unemployed,1621297.1527639204,222134.58868909275,Home,667.7028897384427,1,37,57.32224615953351,2023-12-28,0
CUST_1243,38.0,Male,West,Graduate,Salaried,752173.3194204587,138359.80012988282,Home,701.5605020219048,0,67,82.65295258031819,2021-04-16,0
CUST_1244,45.0,Female,East,Secondary,Salaried,,359808.86191541975,Other,674.4697644076823,0,75,89.01456304079336,2023-01-11,0
CUST_1245,22.0,Male,West,Secondary,Salaried,424645.79864490277,107803.62845575457,Car,629.7335735076043,3,51,25.658691440190537,2023-03-10,1
CUST_1246,38.0,Male,East,Post-Graduate,Self-Employed,650283.4892867231,216056.5681903547,Car,661.731302743797,1,68,47.13310310735576,2018-05-17,0
CUST_1247,39.0,Male,East,Primary,,205091.42687627155,832882.0942519843,Other,661.2674373245932,5,51,43.35247857928131,2022-07-22,1
CUST_1248,,Male,West,Post-Graduate,Salaried,705432.6549630213,263789.9645975588,Other,665.175754497413,3,34,44.44328548043869,2022-05-02,1
CUST_1249,26.0,Male,East,Graduate,Self-Employed,1422575.4297699062,104992.37377770193,Business,555.2556039184703,1,68,20.66955540436945,2020-08-29,0
CUST_1250,60.0,Male,North,Graduate,Self-Employed,674114.5219464216,92537.91345688852,Other,665.7861080491903,1,49,79.15733670836114,2019-10-24,0
CUST_1251,52.0,Male,South,Graduate,Self-Employed,1234542.0566187717,550791.1963579373,Education,614.7522825227045,1,73,13.040130656269497,2022-12-16,0
CUST_1252,59.0,Male,East,Graduate,Unemployed,843628.3964535804,71473.32374075835,Car,733.2494884807807,2,21,54.899261656808335,2019-02-19,0
CUST_1253,58.0,Male,North,Post-Graduate,Salaried,264234.0685129985,191026.91168196354,Other,660.6334913400219,3,23,66.25966298379876,2018-12-09,1
CUST_1254,37.0,Male,East,Post-Graduate,Self-Employed,1363712.057990887,99911.05377810502,Education,716.8383377458314,4,63,27.63490223500456,2018-05-26,0
CUST_1255,59.0,Male,South,Graduate,Salaried,234377.08089506856,57941.59874277333,Education,625.8574890360198,0,49,86.99726632839763,2018-11-19,1
CUST_1256,,Male,North,Secondary,Self-Employed,,57336.70112226542,Education,628.7428929910833,0,65,81.27668259710741,2023-12-10,0
CUST_1257,30.0,Female,South,Graduate,,276655.50510375784,88528.14869166538,Education,769.5400997005065,1,52,50.04211700613365,2021-06-29,0
CUST_1258,47.0,Male,South,Post-Graduate,Self-Employed,205887.836307241,453136.1963741445,Business,684.9068150732406,0,25,44.94765924891179,2023-02-22,0
CUST_1259,,Female,North,Secondary,Self-Employed,474120.34282186884,116390.54133360989,Education,592.838837407541,1,31,30.1082736429435,2019-08-24,0
CUST_1260,42.0,Female,North,Graduate,Salaried,374807.6095951888,650991.6225071519,Business,721.757955089638,0,60,72.04942409482192,2019-04-20,0
CUST_1261,50.0,Male,North,Graduate,Salaried,532766.4871115796,224274.12983477276,Business,607.3356213257704,1,43,21.19822296871695,2022-02-24,0
CUST_1262,49.0,Female,West,Graduate,Unemployed,630427.8785462037,164758.12196301753,Education,668.0558510249218,1,26,67.82020907672157,2019-07-29,0
CUST_1263,61.0,Female,North,Secondary,Unemployed,222362.23312795628,223542.42023882066,Car,796.9339704687524,2,62,81.60884382006516,2018-12-13,0
CUST_1264,54.0,Male,North,Graduate,Salaried,,195422.8717990173,Education,535.4974089889556,1,56,29.420083952947017,2022-02-19,0
CUST_1265,26.0,Male,North,Post-Graduate,Salaried,608949.9198641233,334406.07370986964,Education,635.9374462586771,4,71,83.64632924639427,2019-01-17,1
CUST_1266,35.0,Female,North,Secondary,Salaried,,116395.36967974529,Education,682.6617312721625,0,41,12.832471952358219,2021-07-27,0
CUST_1267,45.0,Female,East,Secondary,Self-Employed,853138.4192807291,137097.37450452533,Car,711.1758667731739,0,59,87.58692775785465,2018-03-13,0
CUST_1268,67.0,,West,Post-Graduate,Self-Employed,728195.610625855,499041.24547610414,Home,550.7012874111301,3,52,20.060789367360332,2021-01-22,1
CUST_1269,21.0,Male,South,Secondary,Salaried,1134118.4497486842,635452.2233888301,Home,527.1367785139986,1,23,64.88953012473277,2021-10-28,0
CUST_1270,20.0,Male,North,Post-Graduate,Salaried,789628.4320513487,496161.24583946145,Business,737.2599481592341,0,61,31.257009857685055,2021-09-21,0
CUST_1271,67.0,Male,East,Graduate,Self-Employed,480999.0043020031,158755.17869949882,Business,592.366811455693,1,48,81.10695324941717,2019-10-26,0
CUST_1272,31.0,Female,East,Secondary,Self-Employed,758846.5205528075,353158.09831030545,Car,589.0173993602148,2,72,53.545530677814654,2022-02-24,0
CUST_1273,24.0,Male,East,Post-Graduate,,361054.75999006466,179380.90248233633,Other,774.0199738217733,1,53,21.495501255952615,2023-03-07,0
CUST_1274,56.0,Male,South,Graduate,Salaried,,187647.7899894739,Home,655.5761851785458,0,49,58.53428356270817,2018-02-09,0
CUST_1275,51.0,Female,North,Graduate,Salaried,977913.4079251586,95802.17334320903,Business,656.0990582145259,4,47,44.67002186674357,2021-10-14,0
CUST_1276,28.0,Male,West,Secondary,Salaried,495674.06445783767,228871.75271479881,Home,635.6160443878774,0,46,66.2230644121136,2023-07-24,0
CUST_1277,60.0,Male,West,Graduate,Salaried,1000686.1151346732,91192.37549486617,Car,552.0814346605464,1,52,84.96177920489406,2021-07-01,1
CUST_1278,54.0,Female,East,Secondary,Self-Employed,1064173.7171109365,130563.13391458367,Car,704.0557559515511,0,62,44.79807615059057,2020-08-23,0
CUST_1279,38.0,Female,South,Secondary,Self-Employed,1174425.4161289725,436245.969058071,Other,682.7560417540499,0,39,34.63985776037807,2023-03-16,0
CUST_1280,67.0,Male,South,Post-Graduate,Self-Employed,11538118.203972708,96405.53198262061,Other,663.4953060271546,2,19,11.233783034846748,2019-12-02,0
CUST_1281,35.0,Female,South,Secondary,Self-Employed,481924.43534990464,64763.38740060525,Car,640.6941568578993,2,63,58.861318218089366,2019-05-26,0
CUST_1282,22.0,Male,West,Graduate,Salaried,391998.7120715736,64300.831413790926,Business,,0,34,44.19335523167185,2021-07-07,0
CUST_1283,39.0,Male,East,Secondary,Salaried,636374.7149250417,615314.4586567092,Home,722.9986711637932,1,59,41.84518361626044,2019-08-07,0
CUST_1284,43.0,Female,North,Graduate,Salaried,,191416.9469031599,Education,638.6965549435124,1,27,25.549502309158065,2020-09-10,0
CUST_1285,52.0,Male,West,Secondary,Salaried,659489.8805376317,155327.34996033274,Other,644.8751169172889,2,44,46.554704341258315,2019-04-04,0
CUST_1286,43.0,Male,East,Post-Graduate,Self-Employed,811383.9361847305,383073.2083323666,Education,692.3914523907018,4,44,93.67756605458631,2023-03-21,1
CUST_1287,30.0,Male,East,Graduate,,783025.5353370436,411365.5997761939,Business,666.6368744544309,1,17,35.309103062140764,2023-10-06,0
CUST_1288,27.0,Male,North,Secondary,,434644.25212038995,130750.62481257752,Other,781.3820846032351,1,28,60.97487513968852,2020-03-26,0
CUST_1289,55.0,Male,North,Primary,Salaried,291276.91290240816,286584.55543326976,Education,509.09065780213564,1,50,76.00138491183168,2018-09-04,0
CUST_1290,57.0,Male,North,Secondary,Self-Employed,481524.0067989305,344913.9466118524,Business,673.9925950693811,2,128,73.67841497000519,2019-12-31,0
CUST_1291,59.0,Male,South,Graduate,Salaried,276921.94749305025,262639.7744694441,Home,593.5515375622265,1,62,37.945814436870215,2019-02-21,0
CUST_1292,39.0,Male,North,Secondary,,1304078.7202685333,82879.45020560987,Business,574.6330772196056,2,54,61.923107098932284,2020-11-20,1
CUST_1293,54.0,Female,East,Post-Graduate,Self-Employed,412230.28808697005,467306.2565483896,Other,613.4348635164522,1,54,84.05749824796337,2019-01-03,0
CUST_1294,67.0,Female,North,Graduate,Self-Employed,283889.7517626,204912.47211418475,Car,654.374352678541,0,35,11.313031357311626,2018-04-18,0
CUST_1295,44.0,Female,East,Secondary,Salaried,,116388.78038808874,Home,657.9255260738728,1,38,47.03742033168115,2020-04-18,0
CUST_1296,54.0,Female,West,Graduate,Salaried,,160756.43223755364,Education,,2,21,29.06324055056195,2019-02-22,1
CUST_1297,44.0,Male,South,Graduate,Self-Employed,706541.69149841,57659.015140540454,Other,606.7132936257744,1,40,43.03374468390131,2022-07-02,0
CUST_1298,48.0,Male,West,Secondary,Salaried,408215.6335553708,77362.6231693328,Car,672.4977241181167,1,70,45.35911667789554,2020-03-31,0
CUST_1299,37.0,Female,West,Secondary,Salaried,237206.56488813728,340099.81470242806,Business,579.8455639373076,0,27,73.46703200686414,2021-11-22,0
CUST_1300,65.0,Female,East,Primary,,463501.9740558731,50002.32696461009,Car,560.8172876226788,1,65,17.97485915361267,2019-11-14,0
CUST_1301,37.0,Female,West,Graduate,Salaried,386414.86276414164,157764.7300426542,Other,469.5094154005644,4,21,53.56963176626339,2018-09-13,1
CUST_1302,21.0,Male,East,Graduate,Self-Employed,765238.2615793508,197842.4881867746,Other,596.9445241299713,1,45,57.95655730289335,2020-04-17,0
CUST_1303,54.0,Male,North,Graduate,Salaried,665422.1230029177,61236.713831299385,Car,558.0296640839349,2,46,52.00339630190337,2019-07-07,0
CUST_1304,35.0,Male,North,Post-Graduate,Unemployed,,772963.5072557551,Business,571.2853693511954,3,114,72.2092265103312,2018-06-30,1
CUST_1305,60.0,Male,East,Post-Graduate,Salaried,322881.5746121241,101269.06903662256,Car,628.2543757376277,1,74,42.62225675208202,2018-06-06,0
CUST_1306,55.0,Female,North,Graduate,Salaried,2412925.154682265,122538.23522683403,Other,602.0136898765682,1,41,90.32220040940646,2022-01-17,0
CUST_1307,52.0,Female,South,Post-Graduate,Salaried,502569.6362326469,122464.60494479172,Other,556.7009684912555,1,110,50.953292615810014,2019-07-25,0
CUST_1308,23.0,Male,West,Secondary,Salaried,782815.7192596623,102381.20604507893,Education,,0,89,58.55318231725779,2020-05-06,0
CUST_1309,52.0,Other,South,Secondary,Self-Employed,,50294.98184607701,Education,674.1849044118114,2,45,80.1701199844737,2022-11-20,1
CUST_1310,33.0,,West,Secondary,Unemployed,532367.0411344604,311381.9142149375,Home,710.2261771046778,1,34,33.39506900414541,2022-09-24,0
CUST_1311,,,North,Primary,Salaried,213961.48121146267,731315.3637805498,Other,618.2604016804501,0,36,16.39217244483821,2020-11-13,0
CUST_1312,,Male,South,Graduate,Salaried,552058.684735351,100796.2060888422,Education,628.7379442836578,0,74,70.16163816081101,2022-02-05,0
CUST_1313,39.0,Male,North,Post-Graduate,Self-Employed,1862359.9942560743,267562.47869211744,Car,,2,23,51.05600772161219,2021-11-24,0
CUST_1314,27.0,Male,West,Primary,Self-Employed,442421.97239737096,320878.7882561248,Business,776.3026861289801,3,28,86.20286133151455,2019-08-15,1
CUST_1315,26.0,Male,East,Secondary,Salaried,219888.36038739156,427335.44560740696,Car,524.5833764939383,3,34,93.5278041414069,2023-12-22,1
CUST_1316,22.0,Male,East,Graduate,Salaried,215722.52236291827,159854.11587744512,Business,616.8408219301945,2,31,43.92429479885198,2019-02-25,0
CUST_1317,36.0,Male,South,Post-Graduate,Salaried,445500.68131504074,122174.14841186984,Education,512.2421628693825,2,129,45.312316382071174,2018-12-14,1
CUST_1318,52.0,Male,North,Secondary,Self-Employed,287191.53692556545,128695.98386292708,Home,678.9854766988448,1,34,44.676821187486745,2018-06-15,0
CUST_1319,67.0,Female,North,Graduate,Salaried,211814.53854060028,299390.90719848464,Car,638.4833284969591,0,47,37.587099327128726,2020-07-25,0
CUST_1320,31.0,Male,South,Primary,Self-Employed,905731.4520714553,389412.9501260106,Car,666.2393690348862,2,39,76.44340331014378,2018-12-14,0
CUST_1321,41.0,Female,East,Secondary,Salaried,506727.3522269077,90084.22632832796,Car,662.2498050072861,0,88,74.51463981171185,2019-02-02,1
CUST_1322,41.0,Male,West,Post-Graduate,Self-Employed,370713.5864146678,142706.04799335607,Business,,1,76,50.68481399679461,2019-08-06,0
CUST_1323,65.0,Other,South,Post-Graduate,Salaried,1351708.6346607716,514435.54983540653,Education,693.0506371654773,0,80,13.796203392206394,2022-05-20,0
CUST_1324,49.0,Male,West,Primary,Salaried,261727.71174893266,378695.67374587414,Car,716.440636612807,4,45,36.312540628611245,2018-11-04,1
CUST_1325,57.0,Male,East,Post-Graduate,,1760861.2740704874,888061.9077364752,Car,564.7572248082445,2,22,34.84575895716119,2018-04-09,0
CUST_1326,57.0,Female,North,Graduate,,388414.5677452631,330686.6876640082,Home,745.4536691980115,2,53,78.94241592702197,2021-06-19,0
CUST_1327,64.0,Female,East,Post-Graduate,Salaried,1296433.567784054,149909.62457673287,Home,592.21098084088,2,88,17.44392374037485,2018-06-07,0
CUST_1328,27.0,Female,South,Graduate,Salaried,661837.5603423861,228631.0046599916,Education,,1,79,78.48240721862985,2019-07-08,1
CUST_1329,46.0,Male,North,Graduate,Salaried,1076386.7756881919,266359.4440825848,Education,671.6674061882396,3,83,66.88061043692716,2019-10-13,0
CUST_1330,46.0,Male,South,Graduate,Salaried,2267994.798000141,66340.91109096623,Other,674.1534610439421,3,50,72.25752402608819,2020-12-04,1
CUST_1331,53.0,Female,South,Graduate,Self-Employed,370123.4824493058,207270.5772704821,Home,564.2514558214017,4,78,46.738120944726994,2022-02-04,0
CUST_1332,40.0,Female,East,Secondary,Self-Employed,1823836.8329798274,297107.0246713655,Other,636.1376566580883,0,18,67.77669266014945,2023-02-22,0
CUST_1333,49.0,Female,South,Primary,Self-Employed,446723.66484581097,86621.48606258893,Business,769.0588253495581,2,36,61.76746030008785,2020-01-04,1
CUST_1334,52.0,Female,East,Secondary,Salaried,443482.8616049801,353400.66119482234,Other,532.5330750772724,3,33,75.3633165944335,2023-05-05,1
CUST_1335,47.0,Male,North,Graduate,Self-Employed,408051.0688152398,225304.79342938855,Car,768.8175392810181,2,95,47.975435929801435,2018-04-02,0
CUST_1336,66.0,Female,East,Secondary,Salaried,589796.7484469401,658237.1022221028,Other,630.6641238866808,1,75,50.190178116185706,2022-06-16,0
CUST_1337,52.0,Male,North,Graduate,Salaried,283703.68995594326,58669.6821044225,Education,462.97961332518776,1,54,64.70397893288472,2021-04-30,0
CUST_1338,24.0,Male,East,Post-Graduate,Salaried,603394.8211457836,111665.7205618876,Business,540.6614613213675,1,61,19.186586961643005,2021-01-05,0
CUST_1339,67.0,,West,Primary,Salaried,590120.8940447564,234036.59903244875,Car,572.9217969811846,1,48,47.08077811096697,2021-07-28,1
CUST_1340,38.0,Male,West,Graduate,Self-Employed,917536.0691532479,120354.51382092705,Other,600.0856559373806,3,86,92.61582184708347,2021-10-19,1
CUST_1341,23.0,Male,South,Graduate,Self-Employed,1096830.5238542268,300649.5320377518,Business,641.6229393099729,0,52,13.191947205103876,2018-06-28,0
CUST_1342,54.0,Male,East,Post-Graduate,Self-Employed,490303.46577253274,334596.05298196955,Business,433.7215896190742,0,59,36.860401443643475,2018-10-07,0
CUST_1343,36.0,Female,East,Secondary,Salaried,380006.8624144733,71631.98920771881,Car,664.9443513982122,1,66,36.69933462259651,2020-11-08,0
CUST_1344,63.0,Male,North,Graduate,Salaried,350103.3545210686,194249.44870901518,Other,565.5927593340093,1,20,63.844450135040674,2022-06-07,0
CUST_1345,47.0,Female,South,Post-Graduate,Salaried,308222.913555061,192217.6549979631,Business,761.2418057280847,2,57,18.99303055105189,2019-01-06,0
CUST_1346,49.0,Male,East,Post-Graduate,Salaried,229687.97890419042,142178.89523745136,Business,628.385862340482,1,21,63.42624262470319,2022-12-06,1
CUST_1347,48.0,Male,South,Graduate,Salaried,,590388.3667534351,Home,725.4276937386184,0,45,18.07842045538765,2022-08-31,0
CUST_1348,65.0,Female,West,Graduate,Salaried,357525.0533525845,401478.93602561636,Business,738.8279183931435,2,36,18.071060030558137,2018-10-31,0
CUST_1349,25.0,Male,East,Graduate,Salaried,1896873.3912148303,288942.7483496759,Home,736.6618594772973,0,56,71.89558536102099,2021-09-10,0
CUST_1350,54.0,Male,East,Post-Graduate,Salaried,607893.4248270576,300581.2407651099,Other,604.6874605630012,1,31,37.55148977578769,2021-12-31,0
CUST_1351,,Male,South,Graduate,Self-Employed,413301.24775855045,173873.84884585516,Other,603.6639873822941,0,27,93.08095055566857,2021-04-08,1
CUST_1352,56.0,Male,East,Primary,Unemployed,634307.2618112863,557647.6151424076,Other,632.0021360569348,2,31,13.174999597022168,2023-08-24,1
CUST_1353,43.0,Other,South,Post-Graduate,Unemployed,274944.6287510724,287223.5826668418,Education,700.898990030314,1,90,47.8340664160295,2019-10-31,0
CUST_1354,48.0,Male,East,Graduate,Self-Employed,493532.8367214515,311113.3154710566,Other,609.144378419667,1,49,19.616554702292007,2019-05-15,0
CUST_1355,65.0,,North,Graduate,Salaried,692063.1028910056,445652.85417431436,Business,640.4590021127801,0,82,39.86721217443923,2021-11-15,0
CUST_1356,50.0,Male,South,Secondary,Self-Employed,535592.8854897376,114060.7753857549,Car,671.887505307156,1,50,94.8489083017693,2022-04-22,0
CUST_1357,54.0,Female,East,Graduate,Self-Employed,456897.34742787597,379086.5070249198,Home,577.6086459161706,1,45,85.55161349777521,2019-06-14,0
CUST_1358,52.0,Female,West,Secondary,Salaried,2745520.6319712303,93442.38637980664,Education,572.5513369336705,1,40,14.107574752708736,2023-06-30,0
CUST_1359,40.0,Female,East,Graduate,Salaried,1261445.0001233984,134728.44883320288,Other,,0,61,57.87674672518309,2021-05-04,0
CUST_1360,51.0,Male,West,Secondary,Self-Employed,688293.7419034039,131777.32725404558,Other,647.9343051961313,1,57,65.06489591007704,2020-01-25,0
CUST_1361,42.0,Male,West,Graduate,Salaried,621261.5601905684,818177.5244505231,Car,684.7108384001315,2,48,27.81044303576068,2020-03-25,0
CUST_1362,52.0,,North,Post-Graduate,Salaried,684661.8216599771,438335.93527448847,Car,703.7509259961245,2,52,22.33397373869827,2019-12-28,0
CUST_1363,22.0,Female,South,Primary,Salaried,312392.5162928925,291575.9931969776,Education,562.0749743542681,2,48,86.87239644656948,2020-01-01,0
CUST_1364,37.0,Female,East,Post-Graduate,Salaried,451377.2608450984,309698.28468404285,Home,585.0332054445148,1,62,92.34939752608702,2020-04-07,0
CUST_1365,44.0,Female,North,Graduate,Salaried,220129.5831828801,215140.51593682618,Other,572.3398169949519,5,55,94.31089287216956,2021-08-24,1
CUST_1366,,Male,East,Post-Graduate,Salaried,,637835.1061018403,Education,762.9957921273137,1,17,77.12975076744394,2023-08-09,0
CUST_1367,50.0,,West,Graduate,Salaried,591562.8418764872,187138.50826421118,Business,640.3783527837971,0,68,66.39767589944685,2020-05-24,0
CUST_1368,22.0,,South,Graduate,Salaried,329223.30272947287,145774.23313643417,Business,651.2903436196017,2,63,39.387071436404824,2023-12-19,0
CUST_1369,,Male,East,Graduate,Self-Employed,1862518.9859498884,85594.68558803035,Education,654.621949121081,0,25,24.568856547603957,2023-06-27,0
CUST_1370,65.0,Male,East,Post-Graduate,Salaried,,358548.143576624,Other,592.7463989025889,1,49,16.713350946129694,2022-08-05,0
CUST_1371,43.0,Female,West,Graduate,Salaried,840324.7667618975,315185.85639444046,Education,775.1415615156825,1,63,68.93028482687683,2019-08-31,0
CUST_1372,51.0,Female,East,Secondary,Salaried,581127.1315329662,147016.96856981685,Other,682.8821323854983,2,32,76.70149029024546,2023-09-05,0
CUST_1373,66.0,Female,East,Graduate,Unemployed,1219991.8115913102,55103.24019087821,Car,653.1672423822359,0,39,80.2485604586733,2022-01-17,0
CUST_1374,41.0,Male,West,Post-Graduate,Salaried,270006.0845381155,415266.8632221283,Education,561.5794863079548,1,26,87.67002528082288,2019-09-27,0
CUST_1375,42.0,Female,North,Graduate,Salaried,981539.1457141174,52296.73382085271,Other,557.0454006675004,0,25,84.79401290926175,2021-04-24,0
CUST_1376,21.0,Male,West,Graduate,Self-Employed,266663.3147760119,293276.41613204754,Education,625.2873974715385,1,79,94.97800814193788,2019-04-29,0
CUST_1377,46.0,Male,North,Graduate,Self-Employed,990451.1335870842,753033.0315879624,Education,594.0006565142536,1,52,30.745440932216358,2020-12-10,0
CUST_1378,61.0,Male,South,Post-Graduate,Salaried,361321.44989567134,165130.19832739176,Other,564.6044523562758,2,31,74.8811472930379,2023-03-30,1
CUST_1379,21.0,Female,North,Secondary,Self-Employed,1248153.8129752246,103568.93620974138,Other,620.3233584342756,3,65,59.8490585518578,2023-08-15,0
CUST_1380,45.0,Female,North,Graduate,Salaried,1641577.773175082,294068.5528239596,Home,632.6857577379288,2,32,32.2058362585545,2019-08-12,0
CUST_1381,36.0,Female,South,Primary,Salaried,280551.7126073048,389793.9202018651,Education,661.3428336368216,0,97,93.46195239439014,2021-05-13,0
CUST_1382,59.0,Male,North,Secondary,Salaried,510576.6397295583,208121.27263778012,Business,609.686442290059,0,23,86.32133890581143,2023-05-28,0
CUST_1383,52.0,Female,West,Secondary,Salaried,2181326.1065714853,732463.4472806166,Education,569.3919444271975,1,76,20.9238318177499,2023-08-21,0
CUST_1384,28.0,Male,North,Secondary,Self-Employed,530250.3962436905,60610.277608512326,Education,572.1663291207002,1,39,12.223459097490688,2020-08-06,1
CUST_1385,62.0,Female,South,Graduate,Salaried,1195889.4376326064,190556.93378571473,Other,747.037818338095,3,52,68.50811479827753,2023-08-18,1
CUST_1386,67.0,Male,West,Secondary,Salaried,644254.523462125,303491.84946995566,Education,549.8593850910606,2,57,61.35110345280548,2023-09-11,0
CUST_1387,58.0,Male,South,Graduate,Self-Employed,435265.8106401821,447030.6984861358,Education,679.0545838633017,1,93,89.5443280494474,2023-07-01,0
CUST_1388,48.0,Male,South,Secondary,Self-Employed,368284.60953003797,89508.71203199099,Business,691.5637063819516,1,63,29.890449408631437,2022-10-08,0
CUST_1389,61.0,Male,East,Secondary,Salaried,313590.27645419317,371891.0642808085,Other,640.2979619331464,0,130,17.1729755710739,2019-01-22,0
CUST_1390,45.0,Female,East,Secondary,Self-Employed,917318.5146084777,210908.31747996598,Education,791.4263246724142,0,40,32.03330337061885,2021-06-05,0
CUST_1391,54.0,Male,South,Primary,Salaried,444320.521401188,151019.63870055586,Car,690.137519442216,2,29,11.608849443474394,2022-11-26,0
CUST_1392,44.0,Male,South,Graduate,Self-Employed,557978.132807031,78247.06202289855,Home,797.432243864372,0,104,13.050883851059256,2022-02-07,0
CUST_1393,43.0,Female,South,Graduate,Self-Employed,538957.3727044545,450934.742120851,Business,597.9148798468102,2,21,87.76291350326457,2018-07-26,1
CUST_1394,32.0,Male,East,Graduate,Unemployed,630521.4805867751,84222.49277526219,Education,599.2843672085265,1,19,39.92140951265965,2022-12-24,0
CUST_1395,26.0,Female,East,Graduate,Salaried,1203382.4089565733,124151.25564448649,Car,692.2029726944012,1,54,44.918765085822855,2022-11-16,0
CUST_1396,55.0,Female,North,Secondary,Salaried,2174845.3956678417,118510.88810554416,Education,629.0827490144637,0,42,11.561590635738874,2020-03-03,0
CUST_1397,64.0,Female,North,Post-Graduate,Salaried,461773.27012433344,460231.520740062,Education,784.8532339913614,3,48,32.99435131460696,2022-09-21,0
CUST_1398,39.0,Male,South,Graduate,Salaried,1078733.8709486765,273377.4491452259,Other,677.336030690475,0,65,78.40170861802163,2020-10-02,0
CUST_1399,20.0,Female,West,Graduate,Salaried,923081.1982512932,368596.21166212816,Other,566.4340624114627,0,52,62.31673157167113,2020-07-30,0
CUST_1400,27.0,Female,West,Primary,Unemployed,626105.3979223314,107661.22643864524,Other,511.05468731647795,3,48,74.0713510923453,2021-03-11,0
CUST_1401,65.0,,East,Secondary,Salaried,1762318.8325989675,246098.71499531323,Car,643.7409126125389,2,21,48.01316796747173,2022-08-05,0
CUST_1402,35.0,Male,East,Secondary,Salaried,311868.43585222505,219607.7524245072,Education,642.8701496373413,0,27,36.32698384886305,2019-03-25,0
CUST_1403,33.0,Female,East,Secondary,Self-Employed,257853.71390988224,407749.25483858347,Home,675.101273864671,1,77,51.038857932911476,2019-08-15,0
CUST_1404,31.0,Female,South,Graduate,Salaried,1161944.095446393,523077.42024201486,Business,746.8552459004723,0,49,37.461040814488854,2018-03-23,0
CUST_1405,42.0,Female,West,Graduate,Self-Employed,489150.73097373825,52446.25388179425,Other,736.3290643195141,2,54,81.31254321729578,2023-12-23,1
CUST_1406,34.0,Female,North,Graduate,Salaried,1138556.9055162966,274183.8001779072,Other,603.6879174130854,3,101,35.302265825391885,2021-11-07,0
CUST_1407,47.0,Female,South,Graduate,Salaried,1317884.9196435586,60645.51680924455,Education,546.4944478556463,0,55,66.07990943851212,2022-01-20,0
CUST_1408,53.0,Male,North,Post-Graduate,Salaried,232246.6443437917,209194.9214739779,Education,,3,42,21.643488896309865,2020-12-15,0
CUST_1409,21.0,Male,North,Graduate,Salaried,1274780.7940351614,117832.3341139772,Car,591.0558635742897,0,85,68.38365196746734,2019-02-23,1
CUST_1410,,Male,South,Post-Graduate,Unemployed,497392.69933421235,123280.59290589238,Car,620.6614761568785,0,33,87.63047548600287,2018-03-29,0
CUST_1411,42.0,Female,North,Primary,Salaried,557116.4541230529,137068.9699358234,Other,674.4049711172133,1,58,61.7295681443922,2018-08-03,0
CUST_1412,41.0,Male,West,Secondary,Salaried,692542.4960426511,244198.20102765225,Education,585.9225922483216,1,80,57.58770730293056,2022-10-25,0
CUST_1413,44.0,Female,North,Primary,Salaried,1504436.9797823878,131308.1269565668,Home,672.4313576890652,0,34,91.69505278183942,2022-03-01,0
CUST_1414,41.0,Female,West,Graduate,Salaried,209650.58468279292,313876.0207985537,Business,678.9632116687242,0,66,63.32870720184694,2022-09-14,0
CUST_1415,41.0,Female,West,Post-Graduate,Self-Employed,523937.28196891164,153679.97575476585,Education,661.4675106076711,1,43,32.06178682821202,2022-02-10,0
CUST_1416,61.0,Male,West,Secondary,Salaried,781930.7990668293,64160.30128271776,Education,559.7101602389844,0,29,34.85323702705793,2018-11-05,0
CUST_1417,25.0,,East,Post-Graduate,Self-Employed,841340.2087725523,356273.1297166667,Car,687.4261380188766,2,100,69.9510646155538,2018-08-19,0
CUST_1418,34.0,Male,North,Primary,Unemployed,789692.832855554,117306.77859034276,Business,816.5015703013378,1,52,72.51211048083584,2018-06-04,0
CUST_1419,62.0,Female,South,Post-Graduate,Salaried,272186.4777976547,163396.9825321886,Other,669.6717461530324,3,47,35.79717970206629,2021-04-13,1
CUST_1420,56.0,Male,South,Secondary,Unemployed,377905.935654887,281318.5574063652,Education,413.75399194789844,0,40,39.35423812373807,2018-04-25,1
CUST_1421,,Male,North,Secondary,Salaried,422141.0612046673,130830.04173809955,Other,749.2703657637522,0,61,94.23980324282239,2021-11-14,0
CUST_1422,27.0,Female,East,Graduate,Salaried,1015936.8813932607,61649.94076477962,Education,593.780177864049,2,51,18.66596671432358,2018-11-07,0
CUST_1423,63.0,Male,East,Secondary,Salaried,363391.574588316,143655.75857042946,Other,831.2570152396554,3,24,44.39482741740844,2020-09-19,0
CUST_1424,63.0,Male,West,Secondary,Self-Employed,318307.5456181243,628089.2498336064,Business,,1,46,15.308040151788134,2020-11-07,0
CUST_1425,24.0,Female,North,Secondary,Unemployed,1778514.4344750042,255296.13213422243,Car,515.2239444811339,0,37,79.79166076985048,2018-01-12,0
CUST_1426,58.0,Female,North,Post-Graduate,Salaried,204451.39883614262,272630.9937390083,Business,484.8242008032998,1,109,17.84939631036174,2021-11-28,1
CUST_1427,23.0,Female,South,Graduate,Self-Employed,3264411.4969520434,250087.8713472277,Home,773.1792610140703,1,77,67.29062529933046,2023-07-07,0
CUST_1428,25.0,Female,North,Secondary,Salaried,764774.9272183767,94376.90358575451,Car,,1,25,14.801091040295974,2019-12-31,0
CUST_1429,64.0,Female,East,Graduate,Salaried,1081496.508219185,158371.72910217845,Business,828.0815108613352,0,46,67.19267821382374,2021-07-25,0
CUST_1430,51.0,Male,North,Graduate,Salaried,374508.8792524603,1968072.7657184089,Home,,1,68,81.65814048885478,2021-10-08,1
CUST_1431,49.0,Male,South,Secondary,,207209.36486900577,71377.42441087273,Education,645.4776093296256,2,57,43.89982978854488,2023-07-30,1
CUST_1432,66.0,Male,West,Graduate,Self-Employed,869456.4392173502,115105.249928659,Education,619.3824966273154,1,79,54.380751941735035,2019-06-25,0
CUST_1433,54.0,Female,South,Secondary,Salaried,1098319.4682467002,114680.94826162039,Other,597.3367806992624,0,54,44.13104773044901,2018-03-18,0
CUST_1434,59.0,Female,South,Secondary,,874453.3017740471,163133.4368091962,Car,618.6056356433747,3,65,35.5415444837743,2018-01-24,0
CUST_1435,35.0,Male,West,Graduate,Salaried,277071.34085511084,836126.4266559312,Education,667.3970665859224,2,24,78.2773890533059,2020-11-04,0
CUST_1436,32.0,Male,South,Secondary,Salaried,900050.4618021271,63977.7716992246,Car,582.4879370470319,1,57,33.12021876713412,2019-11-07,0
CUST_1437,61.0,Female,South,Graduate,Salaried,932501.6738640082,196253.31374118946,Education,516.4568522500813,2,33,71.450191073103,2018-06-21,0
CUST_1438,49.0,Male,North,Graduate,Self-Employed,737263.1236659405,89535.29213510227,Other,662.7901307211342,0,27,27.52675173669219,2023-03-08,0
CUST_1439,,Female,North,Secondary,Salaried,7411718.902769653,755873.5170451547,Business,,1,63,31.237572666658014,2019-05-04,0
CUST_1440,36.0,Male,West,Graduate,Salaried,1135146.3373394024,74050.5050311085,Other,390.8449820047945,1,55,38.59919881906304,2022-01-25,0
CUST_1441,38.0,Female,North,Secondary,Salaried,675446.4121564652,153369.07535594775,Home,694.2053912525608,1,75,60.078292078472,2020-01-27,1
CUST_1442,47.0,Male,North,Post-Graduate,Self-Employed,246389.28619745787,317794.3764735416,Education,561.3552769506377,2,48,48.62589712856099,2018-06-04,0
CUST_1443,45.0,Female,South,Graduate,Self-Employed,534351.9918938112,293854.1297406312,Home,702.9431563752588,3,44,73.33730883536472,2018-09-14,1
CUST_1444,,Female,East,Post-Graduate,Salaried,1923319.1862973012,159888.5646039819,Home,701.0278485212785,1,42,28.153220528576348,2022-11-15,0
CUST_1445,45.0,Female,North,Graduate,Self-Employed,461738.5174126676,810539.6747181845,Car,672.6872009218266,2,38,10.9071444671509,2019-11-05,0
CUST_1446,42.0,Female,East,Primary,Salaried,461370.23652531556,151370.8302868252,Education,849.7454272285197,0,50,76.00738510174371,2023-10-17,0
CUST_1447,28.0,Female,North,Graduate,Salaried,234144.69028677538,111380.11765400787,Home,638.9558520022098,0,53,79.84019337980615,2019-11-04,0
CUST_1448,31.0,Female,North,Post-Graduate,Salaried,414484.9986496903,95966.4085742675,Business,627.1488346001129,0,65,15.05581386421311,2022-01-12,0
CUST_1449,20.0,Male,West,Graduate,Salaried,258827.95243903625,181957.83837367603,Home,704.6937937133533,0,75,61.927139383463704,2018-09-16,0
CUST_1450,20.0,Female,West,Post-Graduate,Salaried,1025742.8550377402,112540.84119078703,Business,645.5642110308966,0,50,42.14757662921163,2018-11-03,0
CUST_1451,66.0,Female,West,Post-Graduate,Unemployed,1675264.9925309992,117784.31292674276,Car,742.8394829915208,1,57,77.48113069153392,2021-01-23,0
CUST_1452,53.0,Male,East,Secondary,Self-Employed,237532.3168662279,263862.7798766368,Home,548.4955273939582,0,88,84.32523710670067,2018-09-03,0
CUST_1453,51.0,Female,South,Secondary,Self-Employed,1751828.1170343428,741790.7138612631,Other,549.8260442028528,1,58,82.33532017776618,2022-07-17,0
CUST_1454,67.0,Female,North,Graduate,Salaried,569675.7746943806,235085.06538853346,Car,711.2647593060974,0,33,76.06236102482244,2018-07-06,0
CUST_1455,44.0,Female,North,Graduate,Salaried,378027.33813930105,66020.75977198902,Business,556.8151248529117,1,49,32.86943944308385,2022-12-03,1
CUST_1456,59.0,Male,North,Post-Graduate,Self-Employed,239988.31236978603,65718.53489771021,Car,698.7278885154171,1,31,79.01061970330692,2020-07-13,0
CUST_1457,64.0,Male,East,Post-Graduate,Salaried,547198.2483856968,654921.931486486,Home,679.6002276968293,3,29,55.34567045203488,2020-02-24,0
CUST_1458,20.0,Other,West,Secondary,,991192.445098809,120562.42294367189,Education,594.4409371177869,2,41,14.48431226072772,2022-05-15,0
CUST_1459,35.0,Female,South,Secondary,Salaried,6511511.431134599,69316.93526416135,Education,679.3736128186747,2,27,48.83980224135116,2021-09-22,0
CUST_1460,58.0,Male,East,Graduate,Self-Employed,225765.61474802322,232781.00955176482,Business,551.2326043372609,0,67,90.08342294754944,2018-12-07,0
CUST_1461,24.0,Female,West,Secondary,Salaried,237847.91202912625,245446.49426011677,Business,570.008005898904,2,59,85.46804472752198,2019-07-17,0
CUST_1462,41.0,Female,East,Post-Graduate,Salaried,457812.9656080438,259111.85616462634,Education,631.0249809270347,1,59,18.692463884754865,2019-10-13,0
CUST_1463,48.0,Male,South,Graduate,Self-Employed,374984.80469002447,112231.63933391319,Business,656.3142255257777,1,52,73.25076828572148,2021-04-08,0
CUST_1464,22.0,Female,West,Graduate,Salaried,,53045.20277697822,Car,625.7089170409714,1,119,78.49239360644995,2018-03-10,0
CUST_1465,31.0,Male,East,Primary,,364950.0892277558,4323415.729449555,Other,684.6492771098489,2,24,33.06799600012501,2022-05-03,0
CUST_1466,45.0,Male,South,Graduate,Salaried,1013502.515578358,107774.70190385316,Other,681.0773132038632,0,41,50.08672851299285,2023-10-06,0
CUST_1467,35.0,Male,North,Graduate,Salaried,1524146.2972717138,275418.5804892322,Car,772.3493446678516,1,20,70.43397502441306,2021-07-24,0
CUST_1468,56.0,Female,South,Graduate,Self-Employed,459683.24208876677,295264.04489001527,Other,642.3771722283997,1,47,47.318526549797575,2021-01-27,0
CUST_1469,41.0,Male,North,Secondary,Salaried,1382821.0341214451,238325.51163836394,Home,745.5650744947303,3,47,19.587738103659042,2020-07-04,1
CUST_1470,48.0,Male,East,Graduate,Salaried,,125057.23969681785,Car,723.6580410315114,0,69,70.00000779794632,2019-04-06,1
CUST_1471,33.0,Male,West,Post-Graduate,Self-Employed,523548.9429947621,113242.7182065132,Business,833.5181826634519,2,56,87.4892886275008,2020-04-23,0
CUST_1472,47.0,Female,West,Secondary,Self-Employed,328110.43548639433,232095.67264407178,Car,639.8193584078181,3,91,65.4612019145234,2019-07-28,1
CUST_1473,24.0,Female,East,Primary,Self-Employed,711487.2309857723,452125.88349879807,Education,616.371302283761,1,38,75.77306362836788,2018-04-29,1
CUST_1474,,,West,Primary,Salaried,2131166.983988161,636490.3921885126,Business,,0,45,40.460815530915426,2019-10-08,0
CUST_1475,49.0,Male,West,Graduate,Salaried,662530.912905048,72388.82903148542,Education,680.834605739301,1,65,25.57185083576396,2022-01-18,1
CUST_1476,65.0,Female,North,Graduate,Unemployed,421438.71430334204,83643.16937261939,Business,752.5327373427119,0,76,64.63576123755487,2023-09-05,0
CUST_1477,24.0,Male,East,Graduate,Self-Employed,721802.8092377419,629127.6519397838,Other,707.34390383916,1,28,37.8605524965036,2022-02-22,0
CUST_1478,31.0,Male,South,Secondary,Salaried,265578.92212615535,316767.12276174454,Car,,2,23,83.10624911413238,2023-07-25,0
CUST_1479,35.0,Male,North,Secondary,Salaried,,479105.7132688894,Home,680.1057421624946,1,52,20.42338424813056,2020-10-28,0
CUST_1480,45.0,Male,East,Graduate,Salaried,549667.0911016173,95287.95410999842,Business,674.8972718361191,1,54,46.84441447731552,2020-08-26,0
CUST_1481,,Male,North,Graduate,Unemployed,498327.7059530509,227145.4534529418,Business,660.648552197117,1,39,43.721846039812796,2023-07-04,0
CUST_1482,67.0,Male,South,Post-Graduate,Salaried,640781.3802699803,291555.73711421626,Education,639.4205556701294,1,46,89.73457755208402,2022-03-20,0
CUST_1483,40.0,Male,South,Secondary,Salaried,690126.5265759134,277956.79726983554,Other,522.6285177764538,0,64,23.01645805137433,2022-02-20,0
CUST_1484,58.0,Female,East,Graduate,Salaried,237240.9936278325,154900.9823007887,Education,719.9341533790658,3,42,10.836980126020931,2020-11-14,1
CUST_1485,55.0,Male,South,Graduate,Self-Employed,,53102.924692882996,Education,679.9014742474795,0,30,30.237243088604995,2019-10-17,0
CUST_1486,52.0,Female,North,Graduate,Self-Employed,338490.88294575526,224898.35021813423,Other,738.1565357917939,1,53,79.72353308033563,2023-05-09,0
CUST_1487,49.0,Female,South,Graduate,Salaried,825798.9306347668,108365.2064757029,Home,526.8995580579798,0,39,27.79235436399645,2019-07-09,0
CUST_1488,56.0,Male,North,Graduate,,1064490.3569908594,169659.87466954006,Education,690.5707591636215,0,70,30.47463541496603,2019-03-01,0
CUST_1489,42.0,Female,North,Post-Graduate,Unemployed,1014714.4729977397,682031.8519001087,Education,631.227252996275,2,71,21.041398385628916,2018-10-20,0
CUST_1490,29.0,Male,South,Secondary,Salaried,602040.4515374512,151843.82219394244,Business,661.5030407940424,1,34,70.81207727850594,2021-04-23,0
CUST_1491,24.0,Female,East,Secondary,Salaried,567161.590023315,416268.4547028884,Other,632.1472292655287,0,42,15.87980619296046,2019-03-07,0
CUST_1492,55.0,Male,West,Graduate,Salaried,277086.3174821255,91784.18623425931,Car,693.4886341984104,3,86,38.15270569792433,2018-11-13,0
CUST_1493,53.0,Male,South,Graduate,Self-Employed,946597.2538187141,273229.3228925945,Home,,2,32,34.01239176278199,2019-02-02,1
CUST_1494,50.0,Male,North,Secondary,Salaried,358321.63455430325,804512.6951371329,Home,,1,46,57.18857703216316,2021-09-09,0
CUST_1495,29.0,Other,North,Primary,Self-Employed,543279.8854498613,71493.23528412552,Other,656.9140335028953,0,28,72.08538252667752,2022-05-08,0
CUST_1496,38.0,Male,South,Primary,,367228.99833187106,51670.94922504897,Business,632.86603702916,0,49,55.29449694922353,2019-08-19,0
CUST_1497,51.0,Female,East,Post-Graduate,Salaried,271836.0974536481,163684.87136501377,Business,643.3285103096894,0,20,89.13720940288074,2023-10-25,1
CUST_1498,20.0,Male,East,Secondary,Unemployed,696528.7867379612,69439.999147722,Other,394.97508191678855,1,40,90.87262430542322,2023-04-28,1
CUST_1499,24.0,Female,North,Secondary,Salaried,227931.8798629582,325970.5105791522,Business,704.6108866854964,0,30,40.72455292237381,2020-07-04,0
CUST_1500,64.0,,North,Secondary,Salaried,890444.9639590402,541961.6465792631,Home,624.8269106122575,1,68,76.10283198336589,2021-06-09,0
