Date,Product_Category,Quantity,Unit_Price,Total_Revenue,Customer_Age,Payment_Method,Region
2025-01-01 00:00:00,Clothing,8,58.6,468.8,53.0,Credit Card,South
2025-01-01 01:00:00,Beauty,3,206.73,620.19,51.0,Credit Card,East
2025-01-01 02:00:00,Home & Kitchen,8,402.03,3216.24,46.0,Credit Card,North
2025-01-01 03:00:00,Home & Kitchen,5,109.98,549.9,41.0,Credit Card,South
2025-01-01 04:00:00,Electronics,1,281.99,281.99,41.0,PayPal,West
2025-01-01 05:00:00,Electronics,7,369.2,2584.4,59.0,Credit Card,West
2025-01-01 06:00:00,Electronics,5,311.83,1559.15,21.0,Credit Card,West
2025-01-01 07:00:00,Books,6,102.13,612.78,20.0,Cash,East
2025-01-01 08:00:00,Home & Kitchen,6,184.14,1104.84,51.0,Credit Card,South
2025-01-01 09:00:00,Home & Kitchen,8,394.06,3152.48,66.0,Credit Card,South
2025-01-01 10:00:00,Electronics,9,281.57,2534.13,40.0,Credit Card,North
2025-01-01 11:00:00,Beauty,2,12.56,25.12,69.0,Debit Card,North
2025-01-01 12:00:00,Books,9,382.89,3446.01,40.0,Credit Card,North
2025-01-01 13:00:00,Electronics,9,27.3,245.7,62.0,Cash,South
2025-01-01 14:00:00,Electronics,7,375.41,2627.87,22.0,Cash,North
2025-01-01 15:00:00,Electronics,1,109.22,109.22,48.0,Credit Card,South
2025-01-01 16:00:00,Clothing,7,479.46,3356.22,58.0,Debit Card,South
2025-01-01 17:00:00,Clothing,5,190.29,951.45,23.0,Credit Card,West
2025-01-01 18:00:00,Clothing,6,170.2,1021.2,54.0,Credit Card,North
2025-01-01 19:00:00,Electronics,7,82.96,580.72,27.0,Cash,West
2025-01-01 20:00:00,Home & Kitchen,5,159.75,798.75,57.0,Cash,East
2025-01-01 21:00:00,Electronics,7,439.56,3076.92,24.0,PayPal,East
2025-01-01 22:00:00,Electronics,9,498.2,4483.8,56.0,Credit Card,East
2025-01-01 23:00:00,Clothing,3,190.47,571.41,55.0,PayPal,South
2025-01-02 00:00:00,Clothing,8,229.82,1838.56,38.0,Cash,South
2025-01-02 01:00:00,Books,2,363.81,,37.0,Credit Card,South
2025-01-02 02:00:00,Electronics,7,444.24,3109.68,20.0,Credit Card,North
2025-01-02 03:00:00,Clothing,2,300.59,601.18,68.0,Credit Card,West
2025-01-02 04:00:00,Home & Kitchen,4,201.85,807.4,39.0,Credit Card,South
2025-01-02 05:00:00,Electronics,7,212.18,1485.26,64.0,Cash,West
2025-01-02 06:00:00,Home & Kitchen,3,350.85,1052.55,21.0,PayPal,West
2025-01-02 07:00:00,Electronics,2,,23.16,45.0,Debit Card,West
2025-01-02 08:00:00,Electronics,7,,2195.2,29.0,Credit Card,North
2025-01-02 09:00:00,Beauty,1,,,55.0,Cash,North
2025-01-02 10:00:00,Beauty,8,399.16,3193.28,68.0,Credit Card,East
2025-01-02 11:00:00,Books,3,55.57,166.71,53.0,Credit Card,East
2025-01-02 12:00:00,Clothing,2,298.22,596.44,64.0,Credit Card,West
2025-01-02 13:00:00,Electronics,3,245.68,737.04,58.0,Credit Card,East
2025-01-02 14:00:00,Home & Kitchen,5,324.74,1623.7,22.0,PayPal,West
2025-01-02 15:00:00,Clothing,8,41.78,334.24,30.0,,North
2025-01-02 16:00:00,Electronics,7,294.19,2059.33,40.0,PayPal,North
2025-01-02 17:00:00,Clothing,7,285.13,1995.91,67.0,Credit Card,North
2025-01-02 18:00:00,Electronics,7,284.72,1993.04,47.0,Credit Card,South
2025-01-02 19:00:00,Beauty,8,305.71,2445.68,54.0,Credit Card,West
2025-01-02 20:00:00,Electronics,1,341.47,341.47,42.0,PayPal,North
2025-01-02 21:00:00,Home & Kitchen,4,404.44,1617.76,65.0,Cash,West
2025-01-02 22:00:00,Clothing,6,142.21,853.26,44.0,Debit Card,East
2025-01-02 23:00:00,Clothing,9,414.27,3728.43,68.0,Credit Card,East
2025-01-03 00:00:00,Clothing,2,254.15,508.3,31.0,PayPal,North
2025-01-03 01:00:00,Electronics,1,,47.76,65.0,PayPal,West
2025-01-03 02:00:00,Beauty,2,38.69,77.38,64.0,PayPal,North
2025-01-03 03:00:00,Books,7,173.78,1216.46,53.0,PayPal,East
2025-01-03 04:00:00,Beauty,3,394.6,1183.8,56.0,PayPal,North
2025-01-03 05:00:00,Books,2,356.76,713.52,33.0,PayPal,West
2025-01-03 06:00:00,Home & Kitchen,7,396.42,2774.94,39.0,Credit Card,East
2025-01-03 07:00:00,Beauty,2,263.46,526.92,38.0,Cash,South
2025-01-03 08:00:00,Electronics,3,225.7,677.1,38.0,Credit Card,East
2025-01-03 09:00:00,Electronics,7,82.25,,25.0,PayPal,South
2025-01-03 10:00:00,Electronics,4,170.81,683.24,66.0,PayPal,North
2025-01-03 11:00:00,Clothing,1,,222.67,33.0,PayPal,North
2025-01-03 12:00:00,Clothing,5,,267.05,,Debit Card,West
2025-01-03 13:00:00,Electronics,9,118.1,1062.9,59.0,Cash,South
2025-01-03 14:00:00,Books,8,303.13,2425.04,27.0,Cash,North
2025-01-03 15:00:00,Clothing,9,370.47,3334.23,49.0,PayPal,South
2025-01-03 16:00:00,Electronics,9,,4492.71,51.0,Cash,North
2025-01-03 17:00:00,Clothing,7,467.23,3270.61,26.0,PayPal,East
2025-01-03 18:00:00,Electronics,4,324.86,1299.44,34.0,Cash,North
2025-01-03 19:00:00,Books,5,216.41,1082.05,28.0,PayPal,West
2025-01-03 20:00:00,Electronics,1,321.73,321.73,49.0,Debit Card,East
2025-01-03 21:00:00,Beauty,1,394.97,394.97,27.0,Debit Card,West
2025-01-03 22:00:00,Books,3,67.98,203.94,39.0,Cash,East
2025-01-03 23:00:00,Electronics,8,5000.0,40000.0,34.0,Credit Card,South
2025-01-04 00:00:00,Electronics,2,421.5,843.0,21.0,Credit Card,West
2025-01-04 01:00:00,Books,4,198.08,792.32,65.0,Cash,North
2025-01-04 02:00:00,Home & Kitchen,2,290.22,580.44,69.0,Credit Card,South
2025-01-04 03:00:00,Home & Kitchen,5,298.01,1490.05,64.0,Cash,North
2025-01-04 04:00:00,Books,9,100.39,903.51,42.0,PayPal,East
2025-01-04 05:00:00,Electronics,1,187.5,187.5,38.0,PayPal,East
2025-01-04 06:00:00,Clothing,5,173.91,869.55,54.0,Debit Card,North
2025-01-04 07:00:00,Electronics,9,22.84,205.56,55.0,PayPal,North
2025-01-04 08:00:00,Books,1,21.85,21.85,,PayPal,South
2025-01-04 09:00:00,Home & Kitchen,9,417.53,3757.77,18.0,PayPal,North
2025-01-04 10:00:00,Clothing,8,,1150.4,42.0,Credit Card,West
2025-01-04 11:00:00,Electronics,4,263.86,1055.44,68.0,Cash,West
2025-01-04 12:00:00,Clothing,5,156.38,781.9,53.0,Credit Card,North
2025-01-04 13:00:00,Clothing,5,470.93,2354.65,34.0,Debit Card,West
2025-01-04 14:00:00,Home & Kitchen,6,137.06,822.36,58.0,Cash,North
2025-01-04 15:00:00,Home & Kitchen,7,220.53,1543.71,41.0,Credit Card,South
2025-01-04 16:00:00,Books,8,437.64,3501.12,19.0,Cash,West
2025-01-04 17:00:00,Clothing,8,422.55,3380.4,57.0,PayPal,West
2025-01-04 18:00:00,Electronics,2,101.19,202.38,32.0,Credit Card,North
2025-01-04 19:00:00,Home & Kitchen,9,403.3,3629.7,49.0,Debit Card,West
2025-01-04 20:00:00,Books,7,234.51,1641.57,56.0,Credit Card,East
2025-01-04 21:00:00,Home & Kitchen,4,246.65,986.6,23.0,Credit Card,South
2025-01-04 22:00:00,Books,4,75.41,301.64,18.0,PayPal,South
2025-01-04 23:00:00,Clothing,8,49.49,395.92,64.0,PayPal,West
2025-01-05 00:00:00,Clothing,4,366.69,1466.76,40.0,,West
2025-01-05 01:00:00,Clothing,6,253.27,1519.62,56.0,Cash,East
2025-01-05 02:00:00,Electronics,5,224.06,1120.3,34.0,PayPal,East
2025-01-05 03:00:00,Electronics,3,,1102.38,51.0,PayPal,West
2025-01-05 04:00:00,Electronics,2,385.1,770.2,58.0,Credit Card,West
2025-01-05 05:00:00,Home & Kitchen,9,87.87,790.83,46.0,Credit Card,East
2025-01-05 06:00:00,Clothing,9,309.01,2781.09,26.0,Credit Card,North
2025-01-05 07:00:00,Clothing,1,76.32,76.32,30.0,Credit Card,East
2025-01-05 08:00:00,Beauty,3,378.17,1134.51,23.0,PayPal,North
2025-01-05 09:00:00,Electronics,8,331.91,2655.28,23.0,Credit Card,South
2025-01-05 10:00:00,Clothing,6,478.74,2872.44,37.0,Credit Card,South
2025-01-05 11:00:00,Books,5,43.79,,69.0,Credit Card,East
2025-01-05 12:00:00,Electronics,5,37.96,189.8,20.0,Debit Card,North
2025-01-05 13:00:00,Electronics,6,148.27,889.62,34.0,Debit Card,East
2025-01-05 14:00:00,Electronics,7,138.24,967.68,66.0,PayPal,East
2025-01-05 15:00:00,Electronics,1,131.02,131.02,29.0,Debit Card,North
2025-01-05 16:00:00,Beauty,9,,4086.54,65.0,Cash,East
2025-01-05 17:00:00,Books,3,132.28,396.84,64.0,PayPal,South
2025-01-05 18:00:00,Home & Kitchen,4,143.26,573.04,62.0,Credit Card,West
2025-01-05 19:00:00,Books,1,382.11,382.11,18.0,Cash,West
2025-01-05 20:00:00,Books,3,230.37,691.11,34.0,Cash,East
2025-01-05 21:00:00,Electronics,2,390.59,781.18,20.0,PayPal,North
2025-01-05 22:00:00,Books,2,42.03,84.06,43.0,Cash,North
2025-01-05 23:00:00,Clothing,1,248.91,248.91,32.0,PayPal,South
2025-01-06 00:00:00,Books,8,26.47,211.76,53.0,Cash,North
2025-01-06 01:00:00,Books,3,40.7,122.1,49.0,Debit Card,North
2025-01-06 02:00:00,Clothing,3,454.15,1362.45,49.0,Credit Card,South
2025-01-06 03:00:00,Electronics,6,78.23,469.38,21.0,Cash,East
2025-01-06 04:00:00,Electronics,8,270.89,2167.12,35.0,PayPal,West
2025-01-06 05:00:00,Clothing,9,211.44,1902.96,66.0,PayPal,South
2025-01-06 06:00:00,Books,9,180.2,1621.8,36.0,Cash,East
2025-01-06 07:00:00,Books,4,450.92,1803.68,,Credit Card,South
2025-01-06 08:00:00,Electronics,5,20.69,103.45,69.0,PayPal,East
2025-01-06 09:00:00,Clothing,2,335.26,670.52,52.0,Credit Card,South
2025-01-06 10:00:00,Clothing,9,482.06,4338.54,57.0,PayPal,East
2025-01-06 11:00:00,Electronics,8,284.48,2275.84,31.0,PayPal,South
2025-01-06 12:00:00,Electronics,3,469.04,1407.12,50.0,Cash,East
2025-01-06 13:00:00,Clothing,9,35.61,320.49,31.0,Credit Card,South
2025-01-06 14:00:00,Beauty,3,215.21,645.63,51.0,PayPal,West
2025-01-06 15:00:00,Clothing,9,137.48,1237.32,21.0,Credit Card,West
2025-01-06 16:00:00,Clothing,2,368.1,736.2,41.0,Cash,North
2025-01-06 17:00:00,Home & Kitchen,9,490.84,4417.56,46.0,Debit Card,East
2025-01-06 18:00:00,Clothing,8,135.7,1085.6,36.0,Debit Card,South
2025-01-06 19:00:00,Beauty,9,330.55,2974.95,23.0,,East
2025-01-06 20:00:00,Beauty,5,107.07,535.35,50.0,Cash,West
2025-01-06 21:00:00,Electronics,2,287.01,574.02,66.0,Credit Card,East
2025-01-06 22:00:00,Clothing,8,237.33,1898.64,57.0,Credit Card,South
2025-01-06 23:00:00,Clothing,6,486.28,2917.68,36.0,PayPal,East
2025-01-07 00:00:00,Electronics,8,308.18,2465.44,18.0,Cash,South
2025-01-07 01:00:00,Electronics,5,181.26,906.3,22.0,Debit Card,West
2025-01-07 02:00:00,Home & Kitchen,2,65.91,131.82,44.0,Credit Card,West
2025-01-07 03:00:00,Clothing,6,84.11,504.66,33.0,Debit Card,West
2025-01-07 04:00:00,Electronics,5,120.41,602.05,23.0,PayPal,North
2025-01-07 05:00:00,Electronics,5,132.97,664.85,57.0,PayPal,West
2025-01-07 06:00:00,Beauty,1,426.8,426.8,30.0,Credit Card,East
2025-01-07 07:00:00,Electronics,2,285.0,570.0,65.0,Credit Card,North
2025-01-07 08:00:00,Electronics,8,266.46,2131.68,52.0,PayPal,West
2025-01-07 09:00:00,Clothing,3,66.24,198.72,36.0,PayPal,East
2025-01-07 10:00:00,Beauty,3,431.47,1294.41,29.0,Credit Card,East
2025-01-07 11:00:00,Electronics,8,364.18,2913.44,33.0,PayPal,East
2025-01-07 12:00:00,Home & Kitchen,8,43.16,345.28,60.0,Cash,South
2025-01-07 13:00:00,Books,2,356.84,713.68,27.0,Cash,North
2025-01-07 14:00:00,Electronics,8,276.33,2210.64,42.0,Debit Card,East
2025-01-07 15:00:00,Home & Kitchen,1,50.05,50.05,,,South
2025-01-07 16:00:00,Clothing,6,234.57,1407.42,48.0,Credit Card,West
2025-01-07 17:00:00,Home & Kitchen,8,247.5,1980.0,21.0,Cash,East
2025-01-07 18:00:00,Home & Kitchen,3,91.23,273.69,61.0,PayPal,South
2025-01-07 19:00:00,Clothing,8,8800.0,70400.0,40.0,Credit Card,East
2025-01-07 20:00:00,Electronics,1,426.49,426.49,19.0,Credit Card,North
2025-01-07 21:00:00,Books,9,337.82,3040.38,39.0,PayPal,North
2025-01-07 22:00:00,Clothing,9,236.52,2128.68,68.0,Credit Card,West
2025-01-07 23:00:00,Electronics,5,211.77,1058.85,54.0,Credit Card,East
2025-01-08 00:00:00,Electronics,4,328.98,1315.92,25.0,Credit Card,South
2025-01-08 01:00:00,Home & Kitchen,6,277.26,1663.56,24.0,Credit Card,West
2025-01-08 02:00:00,Home & Kitchen,7,40.51,283.57,31.0,PayPal,East
2025-01-08 03:00:00,Electronics,5,,1305.65,20.0,PayPal,West
2025-01-08 04:00:00,Clothing,9,405.14,3646.26,67.0,PayPal,South
2025-01-08 05:00:00,Electronics,3,235.03,,33.0,Credit Card,West
2025-01-08 06:00:00,Home & Kitchen,7,35.46,248.22,36.0,Credit Card,West
2025-01-08 07:00:00,Electronics,5,395.28,1976.4,68.0,PayPal,West
2025-01-08 08:00:00,Home & Kitchen,7,108.67,760.69,35.0,PayPal,East
2025-01-08 09:00:00,Clothing,2,136.72,273.44,69.0,PayPal,South
2025-01-08 10:00:00,Beauty,4,90.71,362.84,33.0,Credit Card,North
2025-01-08 11:00:00,Electronics,2,171.81,343.62,25.0,Debit Card,East
2025-01-08 12:00:00,Clothing,7,380.81,2665.67,50.0,Credit Card,North
2025-01-08 13:00:00,Electronics,2,264.5,529.0,66.0,PayPal,North
2025-01-08 14:00:00,Beauty,1,110.39,110.39,29.0,,East
2025-01-08 15:00:00,Books,9,440.14,3961.26,28.0,PayPal,East
2025-01-08 16:00:00,Electronics,1,441.0,441.0,,,South
2025-01-08 17:00:00,Home & Kitchen,8,436.58,3492.64,44.0,PayPal,South
2025-01-08 18:00:00,Books,2,127.01,254.02,29.0,Cash,West
2025-01-08 19:00:00,Home & Kitchen,8,231.11,1848.88,34.0,Credit Card,North
2025-01-08 20:00:00,Clothing,3,492.64,1477.92,23.0,Credit Card,South
2025-01-08 21:00:00,Electronics,6,,2329.74,50.0,Credit Card,West
2025-01-08 22:00:00,Electronics,3,23.31,69.93,22.0,Cash,South
2025-01-08 23:00:00,Books,7,41.95,293.65,45.0,Credit Card,East
2025-01-09 00:00:00,Beauty,9,237.33,2135.97,31.0,Debit Card,South
2025-01-09 01:00:00,Home & Kitchen,2,455.52,,22.0,PayPal,North
2025-01-09 02:00:00,Clothing,5,273.96,1369.8,50.0,Debit Card,South
2025-01-09 03:00:00,Clothing,6,253.93,1523.58,67.0,Debit Card,North
2025-01-09 04:00:00,Home & Kitchen,4,61.68,246.72,65.0,PayPal,East
2025-01-09 05:00:00,Books,4,331.82,1327.28,58.0,Credit Card,North
2025-01-09 06:00:00,Books,4,412.83,1651.32,36.0,Credit Card,South
2025-01-09 07:00:00,Books,2,196.41,392.82,39.0,Credit Card,West
2025-01-09 08:00:00,Home & Kitchen,4,390.05,1560.2,22.0,Cash,East
2025-01-09 09:00:00,Electronics,1,,482.59,19.0,Credit Card,South
2025-01-09 10:00:00,Electronics,6,109.85,659.1,47.0,Credit Card,East
2025-01-09 11:00:00,Books,1,266.43,266.43,64.0,PayPal,East
2025-01-09 12:00:00,Home & Kitchen,6,150.7,904.2,56.0,Debit Card,South
2025-01-09 13:00:00,Electronics,1,398.5,398.5,21.0,Credit Card,South
2025-01-09 14:00:00,Electronics,6,293.02,1758.12,50.0,Credit Card,West
2025-01-09 15:00:00,Home & Kitchen,8,320.95,2567.6,30.0,Credit Card,East
2025-01-09 16:00:00,Electronics,2,400.98,801.96,37.0,Debit Card,East
2025-01-09 17:00:00,Electronics,2,204.03,408.06,24.0,PayPal,South
2025-01-09 18:00:00,Clothing,4,458.39,1833.56,32.0,Credit Card,North
2025-01-09 19:00:00,Home & Kitchen,3,271.18,813.54,40.0,Credit Card,South
2025-01-09 20:00:00,Home & Kitchen,4,87.4,349.6,31.0,Credit Card,East
2025-01-09 21:00:00,Electronics,7,350.99,2456.93,40.0,Credit Card,South
2025-01-09 22:00:00,Home & Kitchen,1,398.7,398.7,36.0,Debit Card,West
2025-01-09 23:00:00,Electronics,6,165.21,991.26,46.0,Cash,North
2025-01-10 00:00:00,Clothing,3,430.02,1290.06,37.0,PayPal,South
2025-01-10 01:00:00,Home & Kitchen,7,454.01,3178.07,46.0,Cash,West
2025-01-10 02:00:00,Home & Kitchen,2,145.68,291.36,41.0,Credit Card,East
2025-01-10 03:00:00,Books,2,491.93,983.86,35.0,Cash,South
2025-01-10 04:00:00,Home & Kitchen,4,78.95,315.8,,Cash,East
2025-01-10 05:00:00,Home & Kitchen,1,108.99,108.99,58.0,Credit Card,West
2025-01-10 06:00:00,Electronics,3,,300.81,25.0,Cash,East
2025-01-10 07:00:00,Clothing,9,448.05,4032.45,43.0,Credit Card,West
2025-01-10 08:00:00,Electronics,7,330.6,2314.2,,Credit Card,West
2025-01-10 09:00:00,Electronics,7,84.53,591.71,27.0,Credit Card,West
2025-01-10 10:00:00,Beauty,4,225.76,903.04,34.0,PayPal,South
2025-01-10 11:00:00,Clothing,2,311.5,623.0,19.0,Cash,East
2025-01-10 12:00:00,Books,4,50.9,203.6,23.0,Debit Card,East
2025-01-10 13:00:00,Home & Kitchen,6,,2654.28,22.0,PayPal,North
2025-01-10 14:00:00,Books,3,403.77,1211.31,45.0,Cash,North
2025-01-10 15:00:00,Clothing,1,257.55,257.55,58.0,Cash,North
2025-01-10 16:00:00,Home & Kitchen,8,483.89,3871.12,22.0,Credit Card,North
2025-01-10 17:00:00,Clothing,5,214.7,1073.5,35.0,PayPal,East
2025-01-10 18:00:00,Electronics,5,492.21,2461.05,43.0,Credit Card,West
2025-01-10 19:00:00,Home & Kitchen,4,337.28,1349.12,37.0,PayPal,West
2025-01-10 20:00:00,Electronics,6,320.99,1925.94,58.0,Debit Card,South
2025-01-10 21:00:00,Electronics,3,91.32,273.96,66.0,Credit Card,West
2025-01-10 22:00:00,Home & Kitchen,9,442.14,3979.26,44.0,Cash,East
2025-01-10 23:00:00,Electronics,5,219.47,1097.35,66.0,PayPal,East
2025-01-11 00:00:00,Beauty,3,89.49,268.47,29.0,PayPal,East
2025-01-11 01:00:00,Beauty,1,16.18,16.18,24.0,Credit Card,South
2025-01-11 02:00:00,Beauty,6,284.28,1705.68,20.0,,North
2025-01-11 03:00:00,Clothing,2,268.43,536.86,27.0,Credit Card,West
2025-01-11 04:00:00,Electronics,3,362.48,1087.44,51.0,Credit Card,East
2025-01-11 05:00:00,Beauty,1,446.23,446.23,42.0,Credit Card,East
2025-01-11 06:00:00,Clothing,9,48.91,440.19,,PayPal,North
2025-01-11 07:00:00,Beauty,8,368.43,2947.44,33.0,,East
2025-01-11 08:00:00,Beauty,2,101.83,203.66,19.0,Cash,West
2025-01-11 09:00:00,Books,8,430.51,3444.08,41.0,PayPal,South
2025-01-11 10:00:00,Electronics,9,411.34,3702.06,27.0,PayPal,East
2025-01-11 11:00:00,Clothing,1,274.99,274.99,,PayPal,West
2025-01-11 12:00:00,Books,5,358.02,1790.1,39.0,PayPal,East
2025-01-11 13:00:00,Clothing,8,164.03,,43.0,Debit Card,North
2025-01-11 14:00:00,Electronics,2,240.87,481.74,60.0,Credit Card,East
2025-01-11 15:00:00,Home & Kitchen,4,412.6,1650.4,56.0,Credit Card,East
2025-01-11 16:00:00,Beauty,7,235.04,1645.28,44.0,Cash,South
2025-01-11 17:00:00,Home & Kitchen,3,185.32,555.96,46.0,Credit Card,North
2025-01-11 18:00:00,Home & Kitchen,5,252.16,1260.8,64.0,Credit Card,North
2025-01-11 19:00:00,Electronics,8,,3326.72,55.0,Credit Card,South
2025-01-11 20:00:00,Home & Kitchen,3,174.25,522.75,37.0,Credit Card,East
2025-01-11 21:00:00,Beauty,4,95.14,380.56,44.0,PayPal,West
2025-01-11 22:00:00,Electronics,9,358.89,3230.01,58.0,Credit Card,North
2025-01-11 23:00:00,Clothing,7,414.73,2903.11,37.0,Cash,North
2025-01-12 00:00:00,Books,1,59.31,59.31,61.0,Cash,East
2025-01-12 01:00:00,Home & Kitchen,4,127.54,510.16,36.0,PayPal,East
2025-01-12 02:00:00,Home & Kitchen,4,79.57,318.28,37.0,PayPal,North
2025-01-12 03:00:00,Home & Kitchen,9,180.49,1624.41,52.0,Cash,East
2025-01-12 04:00:00,Clothing,6,230.67,1384.02,64.0,Credit Card,West
2025-01-12 05:00:00,Electronics,9,376.92,3392.28,19.0,Cash,North
2025-01-12 06:00:00,Books,6,329.06,1974.36,47.0,Cash,West
2025-01-12 07:00:00,Books,6,314.25,1885.5,51.0,Cash,West
2025-01-12 08:00:00,Books,5,182.66,913.3,39.0,PayPal,East
2025-01-12 09:00:00,Beauty,5,422.31,2111.55,20.0,Credit Card,West
2025-01-12 10:00:00,Clothing,2,240.93,481.86,23.0,PayPal,East
2025-01-12 11:00:00,Clothing,8,489.76,3918.08,32.0,Cash,South
2025-01-12 12:00:00,Books,8,320.73,2565.84,44.0,Credit Card,East
2025-01-12 13:00:00,Home & Kitchen,1,71.87,71.87,27.0,Cash,West
2025-01-12 14:00:00,Home & Kitchen,8,341.33,2730.64,26.0,,South
2025-01-12 15:00:00,Books,5,,846.5,50.0,Credit Card,East
2025-01-12 16:00:00,Books,2,346.3,692.6,49.0,Credit Card,West
2025-01-12 17:00:00,Clothing,2,44.12,88.24,65.0,Credit Card,North
2025-01-12 18:00:00,Clothing,6,95.69,574.14,23.0,,North
2025-01-12 19:00:00,Electronics,9,429.31,3863.79,58.0,Credit Card,East
2025-01-12 20:00:00,Home & Kitchen,1,121.32,121.32,53.0,Debit Card,East
2025-01-12 21:00:00,Electronics,6,420.15,2520.9,19.0,PayPal,North
2025-01-12 22:00:00,Clothing,9,146.85,1321.65,46.0,Credit Card,West
2025-01-12 23:00:00,Clothing,8,325.01,2600.08,21.0,PayPal,West
2025-01-13 00:00:00,Electronics,6,350.13,2100.78,18.0,Cash,West
2025-01-13 01:00:00,Home & Kitchen,3,261.2,,36.0,Cash,East
2025-01-13 02:00:00,Electronics,8,159.6,1276.8,43.0,Credit Card,South
2025-01-13 03:00:00,Electronics,9,114.2,1027.8,42.0,Cash,South
2025-01-13 04:00:00,Books,1,26.26,26.26,27.0,Cash,South
2025-01-13 05:00:00,Clothing,9,158.93,1430.37,32.0,Credit Card,South
2025-01-13 06:00:00,Electronics,6,330.05,1980.3,39.0,Credit Card,South
2025-01-13 07:00:00,Clothing,6,469.77,2818.62,,PayPal,East
2025-01-13 08:00:00,Books,4,436.89,1747.56,65.0,Credit Card,East
2025-01-13 09:00:00,Electronics,1,385.37,385.37,38.0,Cash,South
2025-01-13 10:00:00,Home & Kitchen,8,396.34,3170.72,39.0,Credit Card,East
2025-01-13 11:00:00,Electronics,2,335.84,671.68,53.0,Debit Card,East
2025-01-13 12:00:00,Electronics,1,137.54,137.54,51.0,PayPal,South
2025-01-13 13:00:00,Clothing,2,454.53,909.06,47.0,Credit Card,West
2025-01-13 14:00:00,Clothing,1,338.66,338.66,42.0,Credit Card,East
2025-01-13 15:00:00,Home & Kitchen,1,284.62,284.62,62.0,PayPal,West
2025-01-13 16:00:00,Home & Kitchen,9,64.38,579.42,45.0,Cash,East
2025-01-13 17:00:00,Beauty,1,229.06,229.06,18.0,Cash,East
2025-01-13 18:00:00,Clothing,4,235.58,942.32,66.0,Credit Card,South
2025-01-13 19:00:00,Clothing,6,433.64,2601.84,62.0,Credit Card,East
2025-01-13 20:00:00,Books,7,277.86,1945.02,21.0,Credit Card,North
2025-01-13 21:00:00,Electronics,2,196.4,392.8,24.0,PayPal,North
2025-01-13 22:00:00,Clothing,6,488.63,2931.78,66.0,Credit Card,South
2025-01-13 23:00:00,Electronics,7,64.25,449.75,,PayPal,West
2025-01-14 00:00:00,Electronics,2,217.05,434.1,53.0,PayPal,West
2025-01-14 01:00:00,Beauty,2,30.59,61.18,36.0,Debit Card,West
2025-01-14 02:00:00,Books,7,372.55,2607.85,18.0,Credit Card,North
2025-01-14 03:00:00,Home & Kitchen,1,459.86,459.86,27.0,Credit Card,West
2025-01-14 04:00:00,Clothing,8,147.22,1177.76,53.0,PayPal,West
2025-01-14 05:00:00,Electronics,3,430.59,1291.77,26.0,PayPal,South
2025-01-14 06:00:00,Electronics,6,153.19,919.14,62.0,Credit Card,West
2025-01-14 07:00:00,Electronics,9,456.28,4106.52,63.0,Debit Card,North
2025-01-14 08:00:00,Clothing,6,379.44,2276.64,59.0,Cash,North
2025-01-14 09:00:00,Home & Kitchen,9,404.4,3639.6,49.0,Credit Card,North
2025-01-14 10:00:00,Home & Kitchen,7,18.82,131.74,49.0,Credit Card,South
2025-01-14 11:00:00,Electronics,9,481.78,4336.02,23.0,PayPal,South
2025-01-14 12:00:00,Beauty,2,366.07,732.14,65.0,Cash,East
2025-01-14 13:00:00,Home & Kitchen,8,159.33,1274.64,55.0,Credit Card,West
2025-01-14 14:00:00,Home & Kitchen,8,416.4,3331.2,,PayPal,South
2025-01-14 15:00:00,Home & Kitchen,2,,295.9,27.0,PayPal,North
2025-01-14 16:00:00,Clothing,4,437.65,1750.6,67.0,Credit Card,North
2025-01-14 17:00:00,Electronics,7,65.16,456.12,44.0,PayPal,South
2025-01-14 18:00:00,Clothing,4,,1419.24,67.0,Debit Card,South
2025-01-14 19:00:00,Books,4,274.94,1099.76,52.0,Credit Card,South
2025-01-14 20:00:00,Electronics,6,57.3,343.8,69.0,Credit Card,East
2025-01-14 21:00:00,Electronics,6,128.53,771.18,38.0,PayPal,North
2025-01-14 22:00:00,Electronics,3,16.08,48.24,42.0,Cash,East
2025-01-14 23:00:00,Electronics,9,239.7,2157.3,45.0,Debit Card,East
2025-01-15 00:00:00,Books,2,157.62,315.24,64.0,PayPal,West
2025-01-15 01:00:00,Home & Kitchen,6,303.2,1819.2,32.0,Cash,North
2025-01-15 02:00:00,Clothing,7,155.65,1089.55,,PayPal,North
2025-01-15 03:00:00,Electronics,9,156.96,1412.64,46.0,PayPal,South
2025-01-15 04:00:00,Clothing,3,,1122.48,26.0,Credit Card,South
2025-01-15 05:00:00,Clothing,3,33.59,100.77,44.0,Credit Card,West
2025-01-15 06:00:00,Electronics,7,452.42,,43.0,Credit Card,East
2025-01-15 07:00:00,Clothing,4,427.61,1710.44,36.0,PayPal,South
2025-01-15 08:00:00,Clothing,8,337.22,2697.76,45.0,Credit Card,South
2025-01-15 09:00:00,Home & Kitchen,7,,2104.76,34.0,Debit Card,North
2025-01-15 10:00:00,Home & Kitchen,5,447.23,2236.15,60.0,Credit Card,North
2025-01-15 11:00:00,Electronics,7,,705.67,58.0,Credit Card,South
2025-01-15 12:00:00,Clothing,3,48.69,146.07,59.0,PayPal,North
2025-01-15 13:00:00,Home & Kitchen,2,127.36,254.72,,Cash,West
2025-01-15 14:00:00,Clothing,6,399.34,2396.04,37.0,Credit Card,South
2025-01-15 15:00:00,Books,2,26.99,53.98,62.0,Credit Card,North
2025-01-15 16:00:00,Home & Kitchen,3,295.58,886.74,57.0,Debit Card,West
2025-01-15 17:00:00,Electronics,6,497.76,2986.56,56.0,Credit Card,North
2025-01-15 18:00:00,Electronics,5,429.29,2146.45,66.0,Credit Card,North
2025-01-15 19:00:00,Home & Kitchen,8,265.51,2124.08,40.0,Cash,North
2025-01-15 20:00:00,Electronics,9,41.18,370.62,64.0,Credit Card,South
2025-01-15 21:00:00,Home & Kitchen,3,417.37,1252.11,49.0,PayPal,East
2025-01-15 22:00:00,Beauty,3,303.5,910.5,69.0,Credit Card,North
2025-01-15 23:00:00,Home & Kitchen,3,66.32,,64.0,Credit Card,West
2025-01-16 00:00:00,Clothing,6,55.99,335.94,50.0,Credit Card,South
2025-01-16 01:00:00,Home & Kitchen,1,455.72,,63.0,Credit Card,South
2025-01-16 02:00:00,Clothing,7,337.91,2365.37,22.0,Credit Card,West
2025-01-16 03:00:00,Clothing,1,416.35,416.35,60.0,Credit Card,North
2025-01-16 04:00:00,Beauty,5,440.7,2203.5,65.0,,East
2025-01-16 05:00:00,Clothing,8,290.17,2321.36,51.0,Credit Card,North
2025-01-16 06:00:00,Beauty,4,263.55,1054.2,57.0,PayPal,West
2025-01-16 07:00:00,Beauty,5,220.91,1104.55,28.0,Cash,South
2025-01-16 08:00:00,Electronics,4,165.3,661.2,67.0,PayPal,East
2025-01-16 09:00:00,Electronics,4,222.95,891.8,20.0,Credit Card,South
2025-01-16 10:00:00,Electronics,8,389.2,3113.6,50.0,Debit Card,West
2025-01-16 11:00:00,Electronics,2,304.94,609.88,28.0,Credit Card,North
2025-01-16 12:00:00,Electronics,1,447.34,,33.0,,East
2025-01-16 13:00:00,Home & Kitchen,3,227.26,681.78,35.0,Cash,South
2025-01-16 14:00:00,Electronics,9,307.47,2767.23,47.0,PayPal,South
2025-01-16 15:00:00,Clothing,4,319.34,1277.36,65.0,PayPal,South
2025-01-16 16:00:00,Books,5,299.93,1499.65,27.0,Credit Card,North
2025-01-16 17:00:00,Electronics,2,354.29,708.58,35.0,PayPal,East
2025-01-16 18:00:00,Books,4,126.34,505.36,55.0,Credit Card,North
2025-01-16 19:00:00,Electronics,2,261.06,522.12,,Debit Card,North
2025-01-16 20:00:00,Electronics,2,61.07,122.14,53.0,Credit Card,North
2025-01-16 21:00:00,Home & Kitchen,4,198.41,793.64,,Cash,West
2025-01-16 22:00:00,Home & Kitchen,6,248.96,1493.76,63.0,,West
2025-01-16 23:00:00,Books,7,329.59,2307.13,20.0,Cash,West
2025-01-17 00:00:00,Home & Kitchen,3,475.76,1427.28,27.0,Cash,East
2025-01-17 01:00:00,Books,3,304.32,912.96,55.0,PayPal,North
2025-01-17 02:00:00,Electronics,6,374.36,2246.16,18.0,Credit Card,North
2025-01-17 03:00:00,Electronics,3,258.07,774.21,44.0,Credit Card,West
2025-01-17 04:00:00,Books,2,320.71,,63.0,Credit Card,North
2025-01-17 05:00:00,Books,8,44.76,358.08,25.0,Cash,North
2025-01-17 06:00:00,Beauty,5,134.65,673.25,68.0,Cash,South
2025-01-17 07:00:00,Clothing,1,187.31,187.31,,PayPal,North
2025-01-17 08:00:00,Clothing,3,241.52,,59.0,Credit Card,South
2025-01-17 09:00:00,Books,8,32.37,258.96,34.0,Credit Card,North
2025-01-17 10:00:00,Clothing,4,78.61,314.44,26.0,PayPal,East
2025-01-17 11:00:00,Beauty,7,145.64,1019.48,23.0,PayPal,West
2025-01-17 12:00:00,Books,2,486.05,972.1,60.0,Cash,South
2025-01-17 13:00:00,Clothing,7,172.36,1206.52,42.0,Debit Card,West
2025-01-17 14:00:00,Books,5,246.2,1231.0,56.0,Credit Card,South
2025-01-17 15:00:00,Books,5,106.09,530.45,66.0,PayPal,South
2025-01-17 16:00:00,Electronics,6,309.28,1855.68,45.0,PayPal,South
2025-01-17 17:00:00,Beauty,9,147.53,1327.77,50.0,Credit Card,East
2025-01-17 18:00:00,Clothing,6,111.43,668.58,54.0,Credit Card,North
2025-01-17 19:00:00,Books,8,6200.0,49600.0,26.0,Credit Card,South
2025-01-17 20:00:00,Clothing,7,12.7,88.9,35.0,Cash,East
2025-01-17 21:00:00,Books,9,13.76,123.84,38.0,PayPal,South
2025-01-17 22:00:00,Clothing,4,117.34,469.36,19.0,,North
2025-01-17 23:00:00,Electronics,2,27.99,55.98,60.0,,South
2025-01-18 00:00:00,Beauty,7,62.93,440.51,55.0,Cash,East
2025-01-18 01:00:00,Electronics,6,176.04,1056.24,57.0,Credit Card,North
2025-01-18 02:00:00,Clothing,1,403.27,403.27,53.0,PayPal,East
2025-01-18 03:00:00,Beauty,9,290.3,2612.7,67.0,PayPal,North
2025-01-18 04:00:00,Beauty,9,,2350.89,60.0,Cash,North
2025-01-18 05:00:00,Home & Kitchen,2,153.81,307.62,,Cash,West
2025-01-18 06:00:00,Home & Kitchen,3,466.56,1399.68,32.0,PayPal,West
2025-01-18 07:00:00,Clothing,5,204.54,1022.7,45.0,Credit Card,West
2025-01-18 08:00:00,Electronics,5,,263.4,35.0,Cash,North
2025-01-18 09:00:00,Clothing,1,312.36,312.36,,Credit Card,South
2025-01-18 10:00:00,Home & Kitchen,8,65.78,526.24,39.0,Credit Card,East
2025-01-18 11:00:00,Books,8,179.16,1433.28,28.0,Credit Card,East
2025-01-18 12:00:00,Books,4,258.63,1034.52,,Credit Card,East
2025-01-18 13:00:00,Books,7,438.37,3068.59,21.0,Credit Card,West
2025-01-18 14:00:00,Electronics,3,251.84,755.52,39.0,Cash,North
2025-01-18 15:00:00,Clothing,6,354.11,2124.66,24.0,Debit Card,West
2025-01-18 16:00:00,Electronics,9,496.48,4468.32,60.0,Credit Card,South
2025-01-18 17:00:00,Clothing,1,74.43,74.43,41.0,Credit Card,North
2025-01-18 18:00:00,Clothing,5,144.62,723.1,21.0,Credit Card,East
2025-01-18 19:00:00,Books,4,203.34,813.36,45.0,Credit Card,West
2025-01-18 20:00:00,Clothing,8,216.7,1733.6,32.0,Credit Card,West
2025-01-18 21:00:00,Electronics,1,211.4,211.4,18.0,Debit Card,South
2025-01-18 22:00:00,Electronics,9,454.73,4092.57,20.0,Credit Card,South
2025-01-18 23:00:00,Books,6,,2159.28,31.0,PayPal,West
2025-01-19 00:00:00,Home & Kitchen,4,307.87,1231.48,55.0,Credit Card,South
2025-01-19 01:00:00,Electronics,9,161.59,1454.31,67.0,Cash,East
2025-01-19 02:00:00,Electronics,5,413.66,2068.3,18.0,Cash,South
2025-01-19 03:00:00,Home & Kitchen,5,477.98,2389.9,55.0,Debit Card,South
2025-01-19 04:00:00,Electronics,5,412.39,2061.95,55.0,Cash,West
2025-01-19 05:00:00,Books,1,10.77,10.77,38.0,Credit Card,West
2025-01-19 06:00:00,Home & Kitchen,1,321.84,321.84,65.0,Credit Card,North
2025-01-19 07:00:00,Electronics,8,35.06,280.48,46.0,PayPal,North
2025-01-19 08:00:00,Electronics,8,136.23,1089.84,22.0,Credit Card,West
2025-01-19 09:00:00,Beauty,250,39.17,235.02,,PayPal,South
2025-01-19 10:00:00,Clothing,4,305.86,1223.44,27.0,Credit Card,South
2025-01-19 11:00:00,Clothing,2,346.43,692.86,45.0,Credit Card,North
2025-01-19 12:00:00,Books,2,66.1,132.2,38.0,PayPal,North
2025-01-19 13:00:00,Beauty,9,198.08,1782.72,67.0,PayPal,North
2025-01-19 14:00:00,Beauty,5,233.56,1167.8,24.0,Cash,East
2025-01-19 15:00:00,Books,4,190.84,763.36,20.0,Credit Card,East
2025-01-19 16:00:00,Clothing,1,69.3,69.3,,PayPal,North
2025-01-19 17:00:00,Electronics,7,7500.0,52500.0,64.0,Credit Card,South
2025-01-19 18:00:00,Books,3,378.08,1134.24,37.0,Credit Card,North
2025-01-19 19:00:00,Home & Kitchen,6,44.79,268.74,36.0,PayPal,East
2025-01-19 20:00:00,Clothing,5,49.29,246.45,52.0,Credit Card,South
2025-01-19 21:00:00,Beauty,5,183.84,919.2,21.0,Credit Card,East
2025-01-19 22:00:00,Electronics,5,471.45,2357.25,22.0,Credit Card,South
2025-01-19 23:00:00,Clothing,1,337.6,337.6,18.0,Credit Card,East
2025-01-20 00:00:00,Electronics,1,342.55,,21.0,Credit Card,South
2025-01-20 01:00:00,Clothing,3,187.34,562.02,,Credit Card,South
2025-01-20 02:00:00,Electronics,4,300.89,1203.56,44.0,Credit Card,South
2025-01-20 03:00:00,Electronics,5,14.96,74.8,59.0,,South
2025-01-20 04:00:00,Electronics,2,321.69,643.38,40.0,PayPal,West
2025-01-20 05:00:00,Home & Kitchen,8,,3660.08,42.0,Credit Card,East
2025-01-20 06:00:00,Home & Kitchen,2,310.16,620.32,38.0,Credit Card,East
2025-01-20 07:00:00,Home & Kitchen,9,438.11,3942.99,69.0,Credit Card,West
2025-01-20 08:00:00,Beauty,2,,729.5,41.0,,South
2025-01-20 09:00:00,Clothing,9,69.07,621.63,42.0,Cash,South
2025-01-20 10:00:00,Electronics,7,452.2,3165.4,,Cash,East
2025-01-20 11:00:00,Books,8,42.56,340.48,63.0,Cash,West
2025-01-20 12:00:00,Electronics,2,271.64,543.28,49.0,PayPal,South
2025-01-20 13:00:00,Beauty,7,79.65,557.55,49.0,PayPal,South
2025-01-20 14:00:00,Electronics,6,15.74,94.44,22.0,PayPal,South
2025-01-20 15:00:00,Beauty,4,216.8,867.2,53.0,Credit Card,North
2025-01-20 16:00:00,Electronics,7,,1081.99,63.0,Credit Card,West
2025-01-20 17:00:00,Books,4,248.14,992.56,59.0,Credit Card,South
2025-01-20 18:00:00,Clothing,2,292.83,585.66,66.0,Debit Card,North
2025-01-20 19:00:00,Beauty,7,31.43,220.01,59.0,PayPal,West
2025-01-20 20:00:00,Electronics,200,70.27,562.16,56.0,Cash,South
2025-01-20 21:00:00,Home & Kitchen,2,283.73,,33.0,Credit Card,East
2025-01-20 22:00:00,Beauty,5,178.15,890.75,50.0,PayPal,North
2025-01-20 23:00:00,Clothing,1,367.3,367.3,66.0,,North
2025-01-21 00:00:00,Home & Kitchen,7,329.62,2307.34,38.0,Credit Card,South
2025-01-21 01:00:00,Home & Kitchen,8,424.35,3394.8,26.0,Cash,South
2025-01-21 02:00:00,Clothing,6,349.32,2095.92,23.0,PayPal,North
2025-01-21 03:00:00,Home & Kitchen,5,220.67,1103.35,68.0,Credit Card,East
2025-01-21 04:00:00,Home & Kitchen,6,339.75,2038.5,,Cash,East
2025-01-21 05:00:00,Beauty,2,144.94,289.88,52.0,Credit Card,West
2025-01-21 06:00:00,Electronics,1,160.09,160.09,56.0,Debit Card,South
2025-01-21 07:00:00,Electronics,7,396.6,2776.2,39.0,Credit Card,East
2025-01-21 08:00:00,Beauty,7,228.75,1601.25,58.0,Credit Card,West
2025-01-21 09:00:00,Books,2,401.21,802.42,22.0,Credit Card,East
2025-01-21 10:00:00,Clothing,2,412.99,825.98,59.0,Credit Card,South
2025-01-21 11:00:00,Home & Kitchen,1,430.21,430.21,,Credit Card,West
2025-01-21 12:00:00,Electronics,8,459.15,3673.2,34.0,PayPal,West
2025-01-21 13:00:00,Electronics,8,221.18,1769.44,29.0,,West
2025-01-21 14:00:00,Clothing,1,166.24,166.24,40.0,Cash,East
2025-01-21 15:00:00,Clothing,8,295.28,2362.24,33.0,Credit Card,South
2025-01-21 16:00:00,Home & Kitchen,9,191.87,1726.83,20.0,PayPal,West
2025-01-21 17:00:00,Electronics,4,304.53,1218.12,47.0,Credit Card,North
2025-01-21 18:00:00,Beauty,1,355.74,355.74,39.0,Credit Card,South
2025-01-21 19:00:00,Beauty,1,347.32,347.32,26.0,PayPal,North
2025-01-21 20:00:00,Home & Kitchen,3,193.53,580.59,46.0,PayPal,North
2025-01-21 21:00:00,Clothing,5,91.76,458.8,64.0,Credit Card,West
2025-01-21 22:00:00,Clothing,5,220.96,1104.8,54.0,Credit Card,West
2025-01-21 23:00:00,Books,9,79.87,718.83,40.0,Debit Card,East
2025-01-22 00:00:00,Home & Kitchen,2,446.15,892.3,30.0,Credit Card,East
2025-01-22 01:00:00,Electronics,2,179.48,358.96,49.0,PayPal,East
2025-01-22 02:00:00,Beauty,6,85.69,514.14,63.0,PayPal,South
2025-01-22 03:00:00,Books,9,22.47,202.23,69.0,Credit Card,East
2025-01-22 04:00:00,Beauty,1,326.45,326.45,64.0,Credit Card,North
2025-01-22 05:00:00,Home & Kitchen,9,322.08,2898.72,65.0,Credit Card,East
2025-01-22 06:00:00,Home & Kitchen,9,176.9,1592.1,40.0,,West
2025-01-22 07:00:00,Clothing,9,45.14,406.26,62.0,PayPal,East
2025-01-22 08:00:00,Beauty,5,210.72,1053.6,34.0,,South
2025-01-22 09:00:00,Books,9,162.5,1462.5,57.0,Debit Card,South
2025-01-22 10:00:00,Electronics,4,341.79,1367.16,38.0,,North
2025-01-22 11:00:00,Electronics,2,306.83,613.66,19.0,PayPal,South
2025-01-22 12:00:00,Clothing,6,188.65,1131.9,54.0,PayPal,East
2025-01-22 13:00:00,Books,4,116.77,467.08,23.0,PayPal,West
2025-01-22 14:00:00,Beauty,120,494.14,2964.84,61.0,PayPal,South
2025-01-22 15:00:00,Electronics,3,232.46,697.38,35.0,PayPal,North
2025-01-22 16:00:00,Home & Kitchen,6,347.25,2083.5,47.0,PayPal,East
2025-01-22 17:00:00,Clothing,2,78.87,157.74,,Credit Card,North
2025-01-22 18:00:00,Beauty,2,247.94,495.88,50.0,PayPal,South
2025-01-22 19:00:00,Books,9,23.49,211.41,47.0,Credit Card,South
2025-01-22 20:00:00,Books,7,257.67,1803.69,34.0,Credit Card,North
2025-01-22 21:00:00,Clothing,3,482.37,1447.11,,Credit Card,East
2025-01-22 22:00:00,Clothing,1,198.26,198.26,49.0,PayPal,South
2025-01-22 23:00:00,Electronics,8,29.11,232.88,59.0,,West
2025-01-23 00:00:00,Electronics,6,25.17,151.02,68.0,Credit Card,South
2025-01-23 01:00:00,Books,7,200.11,1400.77,31.0,PayPal,East
2025-01-23 02:00:00,Books,9,88.41,795.69,27.0,PayPal,South
2025-01-23 03:00:00,Beauty,5,21.44,107.2,64.0,Credit Card,North
2025-01-23 04:00:00,Beauty,1,380.54,380.54,68.0,PayPal,South
2025-01-23 05:00:00,Home & Kitchen,7,234.68,1642.76,53.0,Cash,South
2025-01-23 06:00:00,Books,5,151.73,758.65,51.0,Cash,East
2025-01-23 07:00:00,Beauty,3,451.04,1353.12,26.0,PayPal,North
2025-01-23 08:00:00,Books,9,66.91,602.19,59.0,PayPal,East
2025-01-23 09:00:00,Electronics,1,478.4,478.4,45.0,Credit Card,South
2025-01-23 10:00:00,Clothing,1,163.84,163.84,28.0,Credit Card,West
2025-01-23 11:00:00,Electronics,1,445.32,445.32,31.0,Credit Card,South
2025-01-23 12:00:00,Beauty,3,305.44,916.32,56.0,Debit Card,East
2025-01-23 13:00:00,Home & Kitchen,6,415.09,2490.54,64.0,Credit Card,West
2025-01-23 14:00:00,Electronics,3,492.17,1476.51,36.0,Credit Card,East
2025-01-23 15:00:00,Home & Kitchen,8,151.32,1210.56,32.0,Cash,East
2025-01-23 16:00:00,Home & Kitchen,2,480.96,961.92,45.0,Debit Card,North
2025-01-23 17:00:00,Clothing,9,200.85,1807.65,41.0,Cash,West
2025-01-23 18:00:00,Electronics,3,198.9,596.7,25.0,,South
2025-01-23 19:00:00,Home & Kitchen,5,176.79,883.95,60.0,Credit Card,East
2025-01-23 20:00:00,Clothing,8,275.29,2202.32,26.0,Credit Card,South
2025-01-23 21:00:00,Books,2,,171.06,64.0,Credit Card,North
2025-01-23 22:00:00,Clothing,6,281.32,1687.92,50.0,Credit Card,North
2025-01-23 23:00:00,Books,5,275.44,1377.2,50.0,PayPal,West
2025-01-24 00:00:00,Home & Kitchen,9,383.33,3449.97,36.0,Debit Card,North
2025-01-24 01:00:00,Home & Kitchen,5,418.49,2092.45,20.0,Credit Card,North
2025-01-24 02:00:00,Books,2,225.82,451.64,27.0,PayPal,South
2025-01-24 03:00:00,Clothing,5,158.14,790.7,57.0,,North
2025-01-24 04:00:00,Electronics,4,137.07,548.28,64.0,Credit Card,North
2025-01-24 05:00:00,Electronics,7,105.37,737.59,59.0,PayPal,East
2025-01-24 06:00:00,Books,6,,229.5,18.0,Credit Card,North
2025-01-24 07:00:00,Home & Kitchen,2,177.8,355.6,46.0,Credit Card,East
2025-01-24 08:00:00,Home & Kitchen,5,142.42,712.1,67.0,Cash,North
2025-01-24 09:00:00,Electronics,7,483.54,3384.78,51.0,Credit Card,North
2025-01-24 10:00:00,Electronics,7,283.28,1982.96,68.0,Debit Card,West
2025-01-24 11:00:00,Electronics,5,180.17,900.85,30.0,Credit Card,West
2025-01-24 12:00:00,Clothing,9,294.43,2649.87,18.0,PayPal,East
2025-01-24 13:00:00,Home & Kitchen,4,78.21,312.84,51.0,PayPal,North
2025-01-24 14:00:00,Clothing,3,227.58,682.74,46.0,Credit Card,South
2025-01-24 15:00:00,Clothing,4,316.85,1267.4,65.0,,West
2025-01-24 16:00:00,Beauty,5,249.56,1247.8,64.0,PayPal,South
2025-01-24 17:00:00,Clothing,6,206.87,1241.22,30.0,Cash,West
2025-01-24 18:00:00,Clothing,3,496.99,1490.97,65.0,Cash,West
2025-01-24 19:00:00,Books,2,441.35,882.7,66.0,PayPal,North
2025-01-24 20:00:00,Clothing,4,315.47,1261.88,46.0,Cash,West
2025-01-24 21:00:00,Home & Kitchen,5,288.99,1444.95,56.0,PayPal,South
2025-01-24 22:00:00,Books,4,314.12,1256.48,41.0,Cash,West
2025-01-24 23:00:00,Beauty,3,108.64,325.92,43.0,PayPal,East
2025-01-25 00:00:00,Electronics,8,203.62,1628.96,34.0,PayPal,North
2025-01-25 01:00:00,Beauty,4,29.34,117.36,24.0,Cash,North
2025-01-25 02:00:00,Clothing,2,243.02,486.04,30.0,Credit Card,East
2025-01-25 03:00:00,Electronics,2,276.08,552.16,22.0,Cash,East
2025-01-25 04:00:00,Clothing,1,121.6,121.6,43.0,PayPal,East
2025-01-25 05:00:00,Beauty,4,482.37,1929.48,66.0,Credit Card,West
2025-01-25 06:00:00,Clothing,9,455.63,4100.67,20.0,Credit Card,North
2025-01-25 07:00:00,Clothing,7,363.85,2546.95,24.0,Credit Card,East
2025-01-25 08:00:00,Home & Kitchen,7,271.36,1899.52,66.0,PayPal,West
2025-01-25 09:00:00,Electronics,7,436.28,3053.96,56.0,Cash,East
2025-01-25 10:00:00,Electronics,8,74.02,592.16,18.0,Credit Card,South
2025-01-25 11:00:00,Electronics,1,397.35,397.35,66.0,,South
2025-01-25 12:00:00,Electronics,8,71.16,569.28,34.0,Cash,North
2025-01-25 13:00:00,Electronics,4,399.16,1596.64,60.0,Credit Card,West
2025-01-25 14:00:00,Electronics,4,145.13,580.52,42.0,Cash,South
2025-01-25 15:00:00,Home & Kitchen,4,439.77,1759.08,20.0,Debit Card,South
2025-01-25 16:00:00,Electronics,6,472.58,2835.48,32.0,Cash,West
2025-01-25 17:00:00,Clothing,7,82.91,580.37,46.0,Cash,East
2025-01-25 18:00:00,Books,6,236.71,1420.26,60.0,Debit Card,West
2025-01-25 19:00:00,Clothing,1,490.68,490.68,49.0,PayPal,East
2025-01-25 20:00:00,Home & Kitchen,8,246.87,1974.96,43.0,Credit Card,South
2025-01-25 21:00:00,Electronics,7,433.14,3031.98,33.0,Cash,South
2025-01-25 22:00:00,Electronics,6,298.48,1790.88,42.0,PayPal,South
2025-01-25 23:00:00,Electronics,6,193.91,1163.46,45.0,PayPal,North
2025-01-26 00:00:00,Electronics,5,150.03,750.15,26.0,Credit Card,North
2025-01-26 01:00:00,Electronics,6,109.58,657.48,18.0,Cash,North
2025-01-26 02:00:00,Electronics,9,383.28,3449.52,46.0,Credit Card,West
2025-01-26 03:00:00,Electronics,9,199.4,1794.6,39.0,Debit Card,South
2025-01-26 04:00:00,Electronics,8,260.52,2084.16,33.0,Credit Card,South
2025-01-26 05:00:00,Clothing,9,251.24,2261.16,58.0,Credit Card,West
2025-01-26 06:00:00,Electronics,8,292.87,2342.96,68.0,PayPal,North
2025-01-26 07:00:00,Clothing,8,434.13,3473.04,61.0,Credit Card,West
2025-01-26 08:00:00,Clothing,1,490.56,490.56,68.0,PayPal,North
2025-01-26 09:00:00,Home & Kitchen,5,209.72,1048.6,58.0,Debit Card,South
2025-01-26 10:00:00,Electronics,4,415.48,1661.92,24.0,,East
2025-01-26 11:00:00,Books,2,384.62,,31.0,Credit Card,North
2025-01-26 12:00:00,Home & Kitchen,8,291.03,2328.24,46.0,Credit Card,South
2025-01-26 13:00:00,Electronics,3,478.46,1435.38,36.0,Cash,South
2025-01-26 14:00:00,Books,4,108.23,432.92,36.0,Debit Card,East
2025-01-26 15:00:00,Beauty,7,63.54,444.78,19.0,PayPal,South
2025-01-26 16:00:00,Electronics,9,428.44,3855.96,58.0,PayPal,South
2025-01-26 17:00:00,Electronics,2,225.18,450.36,62.0,Credit Card,North
2025-01-26 18:00:00,Books,3,425.01,1275.03,32.0,Cash,North
2025-01-26 19:00:00,Home & Kitchen,4,447.61,1790.44,20.0,PayPal,East
2025-01-26 20:00:00,Electronics,1,40.6,,28.0,Credit Card,East
2025-01-26 21:00:00,Electronics,7,442.9,3100.3,63.0,Credit Card,South
2025-01-26 22:00:00,Clothing,2,229.68,459.36,47.0,Cash,North
2025-01-26 23:00:00,Clothing,5,260.11,1300.55,57.0,Credit Card,East
2025-01-27 00:00:00,Home & Kitchen,1,317.03,317.03,35.0,Credit Card,East
2025-01-27 01:00:00,Clothing,3,463.93,1391.79,68.0,PayPal,West
2025-01-27 02:00:00,Clothing,2,,38.74,65.0,Credit Card,East
2025-01-27 03:00:00,Home & Kitchen,1,243.65,243.65,19.0,Credit Card,South
2025-01-27 04:00:00,Electronics,7,346.98,2428.86,49.0,,North
2025-01-27 05:00:00,Electronics,5,364.13,1820.65,25.0,Cash,East
2025-01-27 06:00:00,Home & Kitchen,1,349.34,349.34,39.0,Cash,West
2025-01-27 07:00:00,Books,6,75.87,455.22,23.0,Cash,North
2025-01-27 08:00:00,Clothing,5,156.7,783.5,29.0,PayPal,East
2025-01-27 09:00:00,Clothing,3,,557.31,64.0,Cash,West
2025-01-27 10:00:00,Electronics,7,404.17,2829.19,57.0,Credit Card,East
2025-01-27 11:00:00,Clothing,9,146.59,1319.31,53.0,PayPal,North
2025-01-27 12:00:00,Clothing,9,113.25,1019.25,32.0,Debit Card,North
2025-01-27 13:00:00,Electronics,9,479.15,4312.35,45.0,Credit Card,North
2025-01-27 14:00:00,Electronics,2,14.34,28.68,69.0,Credit Card,South
2025-01-27 15:00:00,Clothing,3,498.93,1496.79,66.0,PayPal,East
2025-01-27 16:00:00,Electronics,7,341.64,2391.48,62.0,Credit Card,South
2025-01-27 17:00:00,Clothing,5,415.95,2079.75,35.0,Credit Card,North
2025-01-27 18:00:00,Electronics,2,154.36,308.72,19.0,Cash,West
2025-01-27 19:00:00,Clothing,3,17.01,51.03,30.0,Debit Card,East
2025-01-27 20:00:00,Electronics,6,371.56,2229.36,62.0,PayPal,South
2025-01-27 21:00:00,Books,7,418.73,2931.11,32.0,Credit Card,East
2025-01-27 22:00:00,Home & Kitchen,9,372.83,3355.47,37.0,Credit Card,West
2025-01-27 23:00:00,Home & Kitchen,1,80.0,80.0,46.0,Cash,South
2025-01-28 00:00:00,Books,7,379.18,2654.26,59.0,PayPal,North
2025-01-28 01:00:00,Clothing,8,386.77,3094.16,46.0,Credit Card,South
2025-01-28 02:00:00,Electronics,3,332.68,998.04,20.0,PayPal,East
2025-01-28 03:00:00,Clothing,4,385.4,1541.6,36.0,Credit Card,East
2025-01-28 04:00:00,Home & Kitchen,6,424.5,2547.0,20.0,PayPal,East
2025-01-28 05:00:00,Home & Kitchen,7,310.67,2174.69,31.0,Cash,East
2025-01-28 06:00:00,Clothing,4,53.42,213.68,57.0,PayPal,North
2025-01-28 07:00:00,Electronics,8,248.94,,21.0,PayPal,South
2025-01-28 08:00:00,Electronics,5,48.05,240.25,69.0,Credit Card,North
2025-01-28 09:00:00,Clothing,1,209.7,209.7,28.0,Cash,North
2025-01-28 10:00:00,Home & Kitchen,4,209.48,837.92,,PayPal,North
2025-01-28 11:00:00,Home & Kitchen,3,42.34,127.02,,Credit Card,East
2025-01-28 12:00:00,Clothing,9,180.92,1628.28,49.0,PayPal,East
2025-01-28 13:00:00,Beauty,8,64.39,515.12,44.0,Credit Card,East
2025-01-28 14:00:00,Home & Kitchen,1,406.04,406.04,47.0,Cash,South
2025-01-28 15:00:00,Electronics,6,474.37,2846.22,60.0,PayPal,West
2025-01-28 16:00:00,Electronics,9,45.44,408.96,19.0,Debit Card,East
2025-01-28 17:00:00,Electronics,7,478.01,3346.07,66.0,Credit Card,South
2025-01-28 18:00:00,Electronics,4,266.06,1064.24,26.0,Cash,East
2025-01-28 19:00:00,Electronics,1,156.79,156.79,45.0,PayPal,East
2025-01-28 20:00:00,Electronics,2,47.66,95.32,48.0,Cash,North
2025-01-28 21:00:00,Electronics,5,255.31,1276.55,51.0,Credit Card,North
2025-01-28 22:00:00,Electronics,5,399.31,1996.55,32.0,PayPal,North
2025-01-28 23:00:00,Books,8,356.47,2851.76,65.0,Cash,South
2025-01-29 00:00:00,Electronics,6,34.61,207.66,42.0,Credit Card,West
2025-01-29 01:00:00,Clothing,8,45.72,365.76,53.0,Credit Card,West
2025-01-29 02:00:00,Clothing,2,207.41,414.82,25.0,PayPal,South
2025-01-29 03:00:00,Beauty,3,154.69,464.07,26.0,PayPal,East
2025-01-29 04:00:00,Electronics,6,123.87,743.22,54.0,Credit Card,South
2025-01-29 05:00:00,Clothing,3,147.69,443.07,65.0,Credit Card,East
2025-01-29 06:00:00,Beauty,6,403.71,2422.26,62.0,Credit Card,South
2025-01-29 07:00:00,Books,6,465.32,2791.92,56.0,Cash,South
2025-01-29 08:00:00,Books,2,208.5,417.0,49.0,PayPal,South
2025-01-29 09:00:00,Electronics,7,453.99,3177.93,69.0,,West
2025-01-29 10:00:00,Electronics,2,167.53,335.06,34.0,Debit Card,North
2025-01-29 11:00:00,Home & Kitchen,6,243.45,1460.7,,PayPal,South
2025-01-29 12:00:00,Beauty,1,120.75,120.75,54.0,Credit Card,West
2025-01-29 13:00:00,Home & Kitchen,3,323.83,971.49,36.0,Credit Card,North
2025-01-29 14:00:00,Home & Kitchen,2,489.7,979.4,61.0,Credit Card,North
2025-01-29 15:00:00,Electronics,7,305.71,2139.97,46.0,Debit Card,South
2025-01-29 16:00:00,Books,4,185.33,741.32,24.0,PayPal,East
2025-01-29 17:00:00,Electronics,8,327.43,2619.44,,Credit Card,East
2025-01-29 18:00:00,Clothing,6,70.23,421.38,26.0,Credit Card,East
2025-01-29 19:00:00,Clothing,4,445.44,1781.76,45.0,PayPal,South
2025-01-29 20:00:00,Clothing,5,256.51,1282.55,23.0,PayPal,East
2025-01-29 21:00:00,Electronics,9,230.18,2071.62,46.0,Credit Card,West
2025-01-29 22:00:00,Electronics,7,297.07,2079.49,34.0,Debit Card,West
2025-01-29 23:00:00,Home & Kitchen,9,316.14,2845.26,33.0,PayPal,West
2025-01-30 00:00:00,Electronics,7,45.17,316.19,40.0,Credit Card,West
2025-01-30 01:00:00,Home & Kitchen,1,344.48,344.48,48.0,Cash,North
2025-01-30 02:00:00,Electronics,8,128.55,1028.4,20.0,Credit Card,West
2025-01-30 03:00:00,Clothing,4,359.84,1439.36,38.0,Debit Card,East
2025-01-30 04:00:00,Clothing,3,413.04,1239.12,43.0,Debit Card,South
2025-01-30 05:00:00,Electronics,300,403.94,,53.0,Cash,East
2025-01-30 06:00:00,Clothing,3,,,,Cash,West
2025-01-30 07:00:00,Electronics,8,264.88,2119.04,54.0,Credit Card,North
2025-01-30 08:00:00,Electronics,6,80.01,480.06,39.0,Debit Card,West
2025-01-30 09:00:00,Beauty,5,389.92,1949.6,59.0,PayPal,South
2025-01-30 10:00:00,Clothing,4,142.99,,,Cash,East
2025-01-30 11:00:00,Books,8,253.38,2027.04,59.0,Debit Card,South
2025-01-30 12:00:00,Electronics,8,149.29,1194.32,30.0,Debit Card,South
2025-01-30 13:00:00,Home & Kitchen,1,75.58,75.58,,Cash,South
2025-01-30 14:00:00,Books,9,318.48,2866.32,33.0,Credit Card,East
2025-01-30 15:00:00,Home & Kitchen,5,36.62,183.1,25.0,Debit Card,West
2025-01-30 16:00:00,Clothing,4,376.84,1507.36,57.0,PayPal,South
2025-01-30 17:00:00,Clothing,6,165.62,993.72,57.0,Debit Card,East
2025-01-30 18:00:00,Clothing,6,10.07,60.42,,PayPal,North
2025-01-30 19:00:00,Beauty,2,260.45,520.9,19.0,Credit Card,East
2025-01-30 20:00:00,Books,8,32.96,263.68,47.0,Credit Card,North
2025-01-30 21:00:00,Beauty,7,145.32,1017.24,47.0,PayPal,East
2025-01-30 22:00:00,Electronics,1,356.42,356.42,29.0,Cash,West
2025-01-30 23:00:00,Home & Kitchen,5,40.72,203.6,27.0,,South
2025-01-31 00:00:00,Beauty,6,421.28,2527.68,61.0,PayPal,West
2025-01-31 01:00:00,Electronics,4,11.87,47.48,28.0,Credit Card,East
2025-01-31 02:00:00,Electronics,2,130.94,261.88,32.0,Cash,South
2025-01-31 03:00:00,Home & Kitchen,4,373.04,1492.16,33.0,PayPal,North
2025-01-31 04:00:00,Home & Kitchen,1,164.97,164.97,34.0,Credit Card,East
2025-01-31 05:00:00,Books,7,59.93,419.51,43.0,Credit Card,South
2025-01-31 06:00:00,Electronics,2,186.51,373.02,19.0,Credit Card,North
2025-01-31 07:00:00,Books,2,142.49,284.98,67.0,PayPal,North
2025-01-31 08:00:00,Electronics,9,422.93,3806.37,29.0,Credit Card,West
2025-01-31 09:00:00,Electronics,5,163.54,817.7,68.0,Credit Card,East
2025-01-31 10:00:00,Electronics,2,396.58,793.16,43.0,Debit Card,North
2025-01-31 11:00:00,Books,9,447.02,4023.18,40.0,Cash,South
2025-01-31 12:00:00,Home & Kitchen,9,,2003.13,,PayPal,North
2025-01-31 13:00:00,Clothing,1,455.87,455.87,49.0,Debit Card,North
2025-01-31 14:00:00,Clothing,3,194.89,584.67,66.0,Credit Card,West
2025-01-31 15:00:00,Books,4,482.4,1929.6,55.0,PayPal,West
2025-01-31 16:00:00,Clothing,7,53.75,376.25,64.0,PayPal,South
2025-01-31 17:00:00,Books,4,346.64,1386.56,20.0,PayPal,West
2025-01-31 18:00:00,Clothing,2,251.97,503.94,,Credit Card,North
2025-01-31 19:00:00,Clothing,7,199.95,1399.65,20.0,PayPal,North
2025-01-31 20:00:00,Clothing,6,320.03,1920.18,47.0,PayPal,West
2025-01-31 21:00:00,Clothing,3,354.89,1064.67,18.0,Cash,North
2025-01-31 22:00:00,Home & Kitchen,6,12.14,72.84,47.0,Credit Card,North
2025-01-31 23:00:00,Clothing,6,,550.86,62.0,Credit Card,South
2025-02-01 00:00:00,Electronics,5,,1796.95,49.0,Credit Card,West
2025-02-01 01:00:00,Books,4,336.53,1346.12,45.0,Credit Card,North
2025-02-01 02:00:00,Clothing,1,483.36,483.36,38.0,PayPal,West
2025-02-01 03:00:00,Clothing,6,,2297.46,63.0,Credit Card,South
2025-02-01 04:00:00,Beauty,2,475.88,951.76,30.0,Cash,West
2025-02-01 05:00:00,Home & Kitchen,3,354.24,1062.72,44.0,Credit Card,North
2025-02-01 06:00:00,Electronics,8,156.05,1248.4,53.0,Credit Card,West
2025-02-01 07:00:00,Beauty,6,61.63,369.78,24.0,PayPal,North
2025-02-01 08:00:00,Home & Kitchen,3,393.09,1179.27,39.0,,North
2025-02-01 09:00:00,Clothing,7,325.63,2279.41,27.0,,North
2025-02-01 10:00:00,Electronics,4,33.61,134.44,56.0,PayPal,South
2025-02-01 11:00:00,Books,9,186.42,1677.78,32.0,Credit Card,West
2025-02-01 12:00:00,Home & Kitchen,5,478.83,2394.15,,,South
2025-02-01 13:00:00,Clothing,3,255.2,765.6,21.0,Credit Card,West
2025-02-01 14:00:00,Books,2,222.04,444.08,49.0,Credit Card,South
2025-02-01 15:00:00,Books,2,234.27,468.54,40.0,Credit Card,East
2025-02-01 16:00:00,Electronics,3,,337.05,23.0,Credit Card,North
2025-02-01 17:00:00,Clothing,2,190.67,381.34,41.0,Credit Card,North
2025-02-01 18:00:00,Electronics,4,191.21,764.84,37.0,PayPal,South
2025-02-01 19:00:00,Home & Kitchen,2,35.65,71.3,,PayPal,East
2025-02-01 20:00:00,Electronics,9,10000.0,90000.0,37.0,,North
2025-02-01 21:00:00,Home & Kitchen,2,214.09,428.18,29.0,Credit Card,West
2025-02-01 22:00:00,Books,9,412.87,3715.83,50.0,Credit Card,South
2025-02-01 23:00:00,Books,6,426.67,2560.02,45.0,Cash,North
2025-02-02 00:00:00,Clothing,1,113.88,113.88,25.0,PayPal,North
2025-02-02 01:00:00,Books,4,332.1,1328.4,18.0,Cash,South
2025-02-02 02:00:00,Electronics,1,,241.42,54.0,Credit Card,South
2025-02-02 03:00:00,Books,6,441.28,2647.68,39.0,PayPal,West
2025-02-02 04:00:00,Electronics,4,115.71,462.84,,PayPal,West
2025-02-02 05:00:00,Clothing,3,342.13,1026.39,38.0,Credit Card,North
2025-02-02 06:00:00,Books,3,307.8,923.4,49.0,,North
2025-02-02 07:00:00,Electronics,9,154.7,1392.3,52.0,,South
2025-02-02 08:00:00,Electronics,6,76.93,461.58,32.0,Credit Card,North
2025-02-02 09:00:00,Home & Kitchen,9,329.3,2963.7,22.0,,North
2025-02-02 10:00:00,Home & Kitchen,5,371.91,1859.55,63.0,Cash,South
2025-02-02 11:00:00,Home & Kitchen,2,164.66,329.32,67.0,Debit Card,North
2025-02-02 12:00:00,Home & Kitchen,8,325.97,2607.76,65.0,Credit Card,North
2025-02-02 13:00:00,Clothing,5,203.61,1018.05,23.0,Credit Card,East
2025-02-02 14:00:00,Electronics,2,359.47,718.94,42.0,Credit Card,West
2025-02-02 15:00:00,Clothing,4,107.62,430.48,63.0,PayPal,South
2025-02-02 16:00:00,Electronics,9,446.21,4015.89,57.0,Credit Card,East
2025-02-02 17:00:00,Beauty,4,150.83,,46.0,Debit Card,West
2025-02-02 18:00:00,Home & Kitchen,4,190.22,760.88,24.0,Credit Card,West
2025-02-02 19:00:00,Clothing,2,38.47,76.94,57.0,Credit Card,West
2025-02-02 20:00:00,Clothing,6,64.64,387.84,30.0,PayPal,East
2025-02-02 21:00:00,Beauty,2,262.77,525.54,55.0,Cash,East
2025-02-02 22:00:00,Electronics,7,141.12,987.84,,PayPal,West
2025-02-02 23:00:00,Home & Kitchen,3,419.39,1258.17,19.0,PayPal,North
2025-02-03 00:00:00,Clothing,3,17.2,51.6,25.0,Debit Card,North
2025-02-03 01:00:00,Home & Kitchen,5,195.76,978.8,28.0,Credit Card,East
2025-02-03 02:00:00,Electronics,3,175.3,525.9,50.0,Cash,East
2025-02-03 03:00:00,Books,2,19.47,38.94,55.0,Credit Card,East
2025-02-03 04:00:00,Beauty,9,70.94,638.46,65.0,Cash,West
2025-02-03 05:00:00,Home & Kitchen,2,212.68,425.36,44.0,PayPal,North
2025-02-03 06:00:00,Home & Kitchen,2,251.5,503.0,37.0,Credit Card,East
2025-02-03 07:00:00,Beauty,8,208.1,1664.8,29.0,Cash,East
2025-02-03 08:00:00,Home & Kitchen,9,270.16,2431.44,60.0,Credit Card,South
2025-02-03 09:00:00,Electronics,7,301.61,2111.27,48.0,Credit Card,West
2025-02-03 10:00:00,Home & Kitchen,3,14.86,44.58,44.0,PayPal,South
2025-02-03 11:00:00,Home & Kitchen,9,237.41,2136.69,49.0,,North
2025-02-03 12:00:00,Clothing,3,482.11,1446.33,27.0,PayPal,South
2025-02-03 13:00:00,Home & Kitchen,5,264.33,1321.65,20.0,Credit Card,South
2025-02-03 14:00:00,Beauty,9,342.0,3078.0,62.0,Credit Card,South
2025-02-03 15:00:00,Beauty,3,162.81,488.43,44.0,Credit Card,West
2025-02-03 16:00:00,Clothing,7,389.26,2724.82,52.0,Credit Card,North
2025-02-03 17:00:00,Electronics,1,388.73,388.73,48.0,PayPal,South
2025-02-03 18:00:00,Beauty,4,265.44,1061.76,32.0,,West
2025-02-03 19:00:00,Books,4,488.25,1953.0,33.0,Debit Card,North
2025-02-03 20:00:00,Electronics,7,71.52,500.64,30.0,Cash,East
2025-02-03 21:00:00,Beauty,8,18.3,146.4,,Credit Card,South
2025-02-03 22:00:00,Books,1,387.38,387.38,52.0,PayPal,North
2025-02-03 23:00:00,Clothing,5,405.51,,69.0,Credit Card,South
2025-02-04 00:00:00,Home & Kitchen,7,68.9,482.3,28.0,Credit Card,East
2025-02-04 01:00:00,Clothing,4,140.14,560.56,38.0,PayPal,North
2025-02-04 02:00:00,Electronics,4,18.6,74.4,68.0,Credit Card,West
2025-02-04 03:00:00,Clothing,4,153.72,614.88,28.0,Credit Card,North
2025-02-04 04:00:00,Books,6,388.84,2333.04,47.0,Debit Card,West
2025-02-04 05:00:00,Electronics,7,263.8,1846.6,65.0,PayPal,North
2025-02-04 06:00:00,Clothing,2,180.57,361.14,52.0,PayPal,West
2025-02-04 07:00:00,Clothing,5,192.15,960.75,39.0,Credit Card,East
2025-02-04 08:00:00,Clothing,4,10.66,42.64,55.0,Credit Card,East
2025-02-04 09:00:00,Beauty,3,156.9,470.7,48.0,,East
2025-02-04 10:00:00,Clothing,7,326.76,2287.32,31.0,Credit Card,North
2025-02-04 11:00:00,Clothing,6,487.36,2924.16,41.0,,East
2025-02-04 12:00:00,Home & Kitchen,7,425.06,2975.42,67.0,Credit Card,South
2025-02-04 13:00:00,Clothing,5,21.56,107.8,66.0,PayPal,East
2025-02-04 14:00:00,Electronics,6,450.29,2701.74,49.0,,West
2025-02-04 15:00:00,Clothing,5,393.77,1968.85,53.0,Cash,West
2025-02-04 16:00:00,Electronics,7,392.38,2746.66,49.0,Cash,West
2025-02-04 17:00:00,Electronics,2,234.42,468.84,32.0,Cash,North
2025-02-04 18:00:00,Clothing,5,205.02,1025.1,,Credit Card,South
2025-02-04 19:00:00,Clothing,6,158.43,,52.0,Cash,East
2025-02-04 20:00:00,Beauty,150,42.19,253.14,20.0,PayPal,South
2025-02-04 21:00:00,Clothing,5,121.84,609.2,33.0,Credit Card,South
2025-02-04 22:00:00,Home & Kitchen,7,130.84,915.88,,PayPal,West
2025-02-04 23:00:00,Home & Kitchen,8,247.2,1977.6,38.0,Credit Card,West
2025-02-05 00:00:00,Electronics,7,376.25,2633.75,27.0,Credit Card,West
2025-02-05 01:00:00,Home & Kitchen,5,242.17,1210.85,36.0,,North
2025-02-05 02:00:00,Electronics,1,38.34,38.34,42.0,Credit Card,South
2025-02-05 03:00:00,Beauty,5,479.32,2396.6,21.0,PayPal,South
2025-02-05 04:00:00,Electronics,2,471.93,943.86,46.0,Credit Card,North
2025-02-05 05:00:00,Clothing,5,394.74,1973.7,36.0,Cash,North
2025-02-05 06:00:00,Electronics,5,495.75,2478.75,60.0,Debit Card,North
2025-02-05 07:00:00,Beauty,2,276.8,553.6,19.0,Cash,South
2025-02-05 08:00:00,Clothing,5,481.76,2408.8,27.0,Credit Card,South
2025-02-05 09:00:00,Home & Kitchen,4,47.05,188.2,,Credit Card,West
2025-02-05 10:00:00,Electronics,1,189.18,189.18,42.0,PayPal,West
2025-02-05 11:00:00,Home & Kitchen,3,120.44,361.32,37.0,Credit Card,South
2025-02-05 12:00:00,Electronics,1,105.96,105.96,65.0,Credit Card,West
2025-02-05 13:00:00,Books,5,78.99,394.95,36.0,PayPal,North
2025-02-05 14:00:00,Electronics,4,314.98,1259.92,40.0,PayPal,East
2025-02-05 15:00:00,Electronics,7,392.85,2749.95,,Debit Card,West
2025-02-05 16:00:00,Electronics,5,293.37,1466.85,28.0,Credit Card,South
2025-02-05 17:00:00,Clothing,4,82.01,328.04,63.0,Credit Card,West
2025-02-05 18:00:00,Home & Kitchen,2,407.45,814.9,51.0,Credit Card,West
2025-02-05 19:00:00,Electronics,4,321.62,1286.48,45.0,Debit Card,West
2025-02-05 20:00:00,Books,2,200.2,400.4,22.0,Cash,East
2025-02-05 21:00:00,Clothing,8,340.32,2722.56,22.0,Cash,North
2025-02-05 22:00:00,Clothing,3,137.35,412.05,68.0,Debit Card,South
2025-02-05 23:00:00,Clothing,9,179.14,1612.26,38.0,PayPal,East
2025-02-06 00:00:00,Clothing,4,459.57,1838.28,29.0,PayPal,South
2025-02-06 01:00:00,Home & Kitchen,6,152.35,914.1,67.0,Credit Card,South
2025-02-06 02:00:00,Electronics,5,240.29,1201.45,21.0,PayPal,South
2025-02-06 03:00:00,Electronics,1,446.17,446.17,66.0,PayPal,East
2025-02-06 04:00:00,Books,9,356.78,3211.02,59.0,PayPal,North
2025-02-06 05:00:00,Beauty,1,40.48,40.48,37.0,Debit Card,South
2025-02-06 06:00:00,Clothing,8,82.18,657.44,55.0,Debit Card,North
2025-02-06 07:00:00,Electronics,9,13.84,124.56,42.0,Cash,North
2025-02-06 08:00:00,Home & Kitchen,9,319.15,2872.35,31.0,Cash,West
2025-02-06 09:00:00,Clothing,1,229.36,229.36,28.0,PayPal,East
2025-02-06 10:00:00,Electronics,2,75.79,151.58,,Credit Card,East
2025-02-06 11:00:00,Electronics,1,479.39,479.39,28.0,Credit Card,West
2025-02-06 12:00:00,Home & Kitchen,2,,539.06,35.0,PayPal,West
2025-02-06 13:00:00,Home & Kitchen,8,128.53,1028.24,44.0,Cash,North
2025-02-06 14:00:00,Electronics,5,255.3,1276.5,35.0,Credit Card,South
2025-02-06 15:00:00,Electronics,7,343.01,2401.07,40.0,Debit Card,East
2025-02-06 16:00:00,Electronics,2,47.36,94.72,28.0,Credit Card,South
2025-02-06 17:00:00,Home & Kitchen,8,144.6,1156.8,38.0,Credit Card,South
2025-02-06 18:00:00,Electronics,6,405.41,2432.46,61.0,PayPal,West
2025-02-06 19:00:00,Electronics,8,235.24,1881.92,22.0,Credit Card,South
2025-02-06 20:00:00,Books,1,277.82,277.82,40.0,Credit Card,North
2025-02-06 21:00:00,Electronics,1,,222.08,58.0,Credit Card,West
2025-02-06 22:00:00,Home & Kitchen,7,31.51,220.57,42.0,Cash,South
2025-02-06 23:00:00,Electronics,8,91.22,729.76,58.0,PayPal,West
2025-02-07 00:00:00,Electronics,3,228.32,684.96,27.0,PayPal,North
2025-02-07 01:00:00,Electronics,5,112.5,562.5,39.0,PayPal,North
2025-02-07 02:00:00,Home & Kitchen,1,34.49,34.49,36.0,Credit Card,South
2025-02-07 03:00:00,Books,7,423.39,2963.73,18.0,Debit Card,West
2025-02-07 04:00:00,Books,5,490.78,2453.9,24.0,Credit Card,South
2025-02-07 05:00:00,Clothing,8,398.64,3189.12,21.0,Debit Card,South
2025-02-07 06:00:00,Home & Kitchen,8,428.35,3426.8,18.0,PayPal,West
2025-02-07 07:00:00,Electronics,9,128.57,1157.13,32.0,Debit Card,South
2025-02-07 08:00:00,Electronics,7,480.71,3364.97,57.0,Credit Card,North
2025-02-07 09:00:00,Books,1,106.49,106.49,29.0,PayPal,West
2025-02-07 10:00:00,Electronics,3,476.2,1428.6,39.0,Credit Card,West
2025-02-07 11:00:00,Electronics,8,497.46,3979.68,39.0,Credit Card,West
2025-02-07 12:00:00,Electronics,3,358.74,1076.22,67.0,PayPal,West
2025-02-07 13:00:00,Electronics,8,490.76,3926.08,64.0,Credit Card,South
2025-02-07 14:00:00,Electronics,1,289.07,289.07,34.0,PayPal,South
2025-02-07 15:00:00,Home & Kitchen,5,137.18,685.9,46.0,,North
2025-02-07 16:00:00,Clothing,4,224.13,896.52,63.0,Credit Card,East
2025-02-07 17:00:00,Books,5,300.84,1504.2,31.0,Cash,East
2025-02-07 18:00:00,Books,8,45.81,366.48,67.0,,North
2025-02-07 19:00:00,Clothing,4,314.95,1259.8,37.0,,East
2025-02-07 20:00:00,Electronics,4,490.78,1963.12,67.0,PayPal,North
2025-02-07 21:00:00,Clothing,3,103.15,309.45,65.0,Cash,South
2025-02-07 22:00:00,Home & Kitchen,7,398.37,2788.59,50.0,Credit Card,West
2025-02-07 23:00:00,Electronics,3,454.87,,60.0,PayPal,West
2025-02-08 00:00:00,Home & Kitchen,3,472.41,1417.23,32.0,Debit Card,South
2025-02-08 01:00:00,Clothing,5,480.47,2402.35,29.0,Cash,West
2025-02-08 02:00:00,Home & Kitchen,5,265.52,1327.6,57.0,PayPal,West
2025-02-08 03:00:00,Clothing,6,,2933.28,37.0,PayPal,East
2025-02-08 04:00:00,Electronics,8,381.08,3048.64,47.0,Cash,South
2025-02-08 05:00:00,Beauty,6,89.22,535.32,55.0,PayPal,East
2025-02-08 06:00:00,Books,1,,243.68,20.0,Credit Card,East
2025-02-08 07:00:00,Electronics,8,361.98,2895.84,45.0,Credit Card,West
2025-02-08 08:00:00,Books,8,131.2,1049.6,43.0,Cash,West
2025-02-08 09:00:00,Clothing,9,323.9,2915.1,,Credit Card,South
2025-02-08 10:00:00,Books,9,336.63,3029.67,30.0,Cash,West
2025-02-08 11:00:00,Books,2,,179.44,30.0,Credit Card,West
2025-02-08 12:00:00,Clothing,2,286.89,573.78,19.0,PayPal,South
2025-02-08 13:00:00,Electronics,3,388.1,1164.3,54.0,,West
2025-02-08 14:00:00,Electronics,1,254.46,254.46,66.0,Credit Card,East
2025-02-08 15:00:00,Clothing,4,15.93,,55.0,Debit Card,South
2025-02-08 16:00:00,Home & Kitchen,4,14.43,57.72,19.0,Cash,West
2025-02-08 17:00:00,Electronics,9,184.94,1664.46,53.0,PayPal,North
2025-02-08 18:00:00,Electronics,9,463.84,4174.56,43.0,PayPal,South
2025-02-08 19:00:00,Books,9,122.05,,28.0,PayPal,South
2025-02-08 20:00:00,Beauty,7,320.84,2245.88,25.0,PayPal,North
2025-02-08 21:00:00,Clothing,2,118.82,237.64,,PayPal,West
2025-02-08 22:00:00,Electronics,5,167.62,838.1,57.0,Credit Card,West
2025-02-08 23:00:00,Electronics,4,425.54,1702.16,60.0,PayPal,South
2025-02-09 00:00:00,Electronics,8,367.14,2937.12,39.0,Cash,South
2025-02-09 01:00:00,Beauty,2,56.75,113.5,37.0,Debit Card,West
2025-02-09 02:00:00,Electronics,6,220.06,1320.36,25.0,Credit Card,West
2025-02-09 03:00:00,Home & Kitchen,5,24.29,121.45,46.0,Cash,East
2025-02-09 04:00:00,Electronics,2,245.64,491.28,57.0,,South
2025-02-09 05:00:00,Home & Kitchen,1,334.59,334.59,43.0,PayPal,South
2025-02-09 06:00:00,Home & Kitchen,8,68.07,544.56,47.0,Credit Card,North
2025-02-09 07:00:00,Books,2,151.55,303.1,34.0,PayPal,East
2025-02-09 08:00:00,Electronics,7,204.94,1434.58,37.0,Credit Card,West
2025-02-09 09:00:00,Electronics,9,460.57,4145.13,69.0,Credit Card,East
2025-02-09 10:00:00,Electronics,9,,4470.21,33.0,Cash,West
2025-02-09 11:00:00,Beauty,8,32.01,256.08,63.0,Cash,West
2025-02-09 12:00:00,Books,9,382.89,3446.01,60.0,PayPal,East
2025-02-09 13:00:00,Home & Kitchen,2,192.14,384.28,24.0,Debit Card,South
2025-02-09 14:00:00,Home & Kitchen,6,202.3,1213.8,33.0,Credit Card,West
2025-02-09 15:00:00,Home & Kitchen,4,379.59,1518.36,62.0,Credit Card,East
2025-02-09 16:00:00,Electronics,4,460.03,,64.0,PayPal,North
2025-02-09 17:00:00,Beauty,5,475.96,2379.8,65.0,Credit Card,East
2025-02-09 18:00:00,Clothing,3,,878.37,44.0,Credit Card,North
2025-02-09 19:00:00,Clothing,1,184.99,184.99,40.0,Credit Card,West
2025-02-09 20:00:00,Clothing,8,395.9,3167.2,41.0,Credit Card,East
2025-02-09 21:00:00,Electronics,5,132.99,664.95,26.0,Cash,East
2025-02-09 22:00:00,Electronics,3,286.4,859.2,52.0,Credit Card,North
2025-02-09 23:00:00,Home & Kitchen,7,185.7,1299.9,68.0,PayPal,East
2025-02-10 00:00:00,Electronics,7,331.75,2322.25,37.0,Credit Card,East
2025-02-10 01:00:00,Home & Kitchen,1,127.8,127.8,54.0,PayPal,West
2025-02-10 02:00:00,Electronics,9,103.88,934.92,59.0,Credit Card,East
2025-02-10 03:00:00,Clothing,2,459.94,919.88,34.0,Cash,South
2025-02-10 04:00:00,Electronics,5,59.88,299.4,64.0,PayPal,North
2025-02-10 05:00:00,Clothing,5,257.92,1289.6,48.0,Credit Card,East
2025-02-10 06:00:00,Home & Kitchen,8,118.22,945.76,25.0,PayPal,North
2025-02-10 07:00:00,Electronics,8,29.08,232.64,32.0,Credit Card,North
2025-02-10 08:00:00,Home & Kitchen,7,27.65,193.55,48.0,PayPal,North
2025-02-10 09:00:00,Clothing,7,,671.02,47.0,Credit Card,East
2025-02-10 10:00:00,Home & Kitchen,6,434.72,2608.32,63.0,Debit Card,East
2025-02-10 11:00:00,Beauty,6,148.41,,37.0,Credit Card,North
2025-02-10 12:00:00,Home & Kitchen,9,475.72,4281.48,56.0,PayPal,South
2025-02-10 13:00:00,Electronics,6,294.99,1769.94,29.0,Credit Card,North
2025-02-10 14:00:00,Electronics,2,223.94,447.88,66.0,Credit Card,South
2025-02-10 15:00:00,Electronics,2,294.24,588.48,34.0,PayPal,North
2025-02-10 16:00:00,Home & Kitchen,5,263.18,1315.9,59.0,Debit Card,West
2025-02-10 17:00:00,Electronics,4,,1527.2,47.0,Credit Card,North
2025-02-10 18:00:00,Clothing,2,148.42,296.84,46.0,Credit Card,North
2025-02-10 19:00:00,Home & Kitchen,3,182.99,548.97,36.0,Credit Card,East
2025-02-10 20:00:00,Clothing,7,448.11,3136.77,63.0,Credit Card,South
2025-02-10 21:00:00,Books,8,473.76,3790.08,28.0,Credit Card,West
2025-02-10 22:00:00,Electronics,6,447.35,2684.1,51.0,PayPal,South
2025-02-10 23:00:00,Electronics,5,215.53,1077.65,67.0,Credit Card,West
2025-02-11 00:00:00,Home & Kitchen,1,392.38,392.38,24.0,Credit Card,North
2025-02-11 01:00:00,Clothing,8,243.4,1947.2,61.0,Cash,East
2025-02-11 02:00:00,Home & Kitchen,3,253.79,761.37,51.0,Credit Card,East
2025-02-11 03:00:00,Clothing,6,110.29,661.74,37.0,Credit Card,South
2025-02-11 04:00:00,Electronics,3,299.65,898.95,67.0,Credit Card,East
2025-02-11 05:00:00,Books,7,,708.47,55.0,PayPal,South
2025-02-11 06:00:00,Books,7,172.47,1207.29,41.0,Credit Card,South
2025-02-11 07:00:00,Home & Kitchen,9,428.96,3860.64,27.0,PayPal,West
2025-02-11 08:00:00,Electronics,5,111.47,557.35,49.0,Credit Card,South
2025-02-11 09:00:00,Home & Kitchen,8,44.87,358.96,69.0,PayPal,West
2025-02-11 10:00:00,Clothing,8,43.81,350.48,32.0,Credit Card,East
2025-02-11 11:00:00,Electronics,1,470.98,470.98,54.0,PayPal,South
2025-02-11 12:00:00,Beauty,5,258.39,1291.95,37.0,Cash,South
2025-02-11 13:00:00,Electronics,3,,631.83,20.0,PayPal,North
2025-02-11 14:00:00,Beauty,1,407.33,407.33,54.0,,South
2025-02-11 15:00:00,Clothing,4,419.55,1678.2,57.0,Credit Card,South
